symbol,date,close,high,low,open,volume
NKE,2013-10-07,33.6594,33.9567,33.6406,33.6925,5172806
NKE,2013-10-08,33.1593,34.2681,33.1099,33.7161,7540640
NKE,2013-10-09,33.4471,33.7231,33.0083,33.2726,9282128
NKE,2013-10-10,34.6503,34.655,33.9425,34.0416,11104826
NKE,2013-10-11,34.6597,34.7871,34.386,34.6644,10792202
NKE,2013-10-14,34.9428,34.9947,34.3389,34.4191,6199812
NKE,2013-10-15,34.7776,35.089,34.6361,34.8673,7951298
NKE,2013-10-16,35.1598,35.207,34.7824,34.9569,8751696
NKE,2013-10-17,35.1693,35.2212,34.9546,35.0796,9384356
NKE,2013-10-18,35.8251,35.8534,35.0419,35.174,9830738
NKE,2013-10-21,35.9006,36.0327,35.6222,35.8062,9992572
NKE,2013-10-22,35.8392,36.0893,35.6316,35.91,6818722
NKE,2013-10-23,35.6505,35.8298,35.4382,35.6411,4761936
NKE,2013-10-24,35.6269,35.7543,35.4995,35.6741,5626336
NKE,2013-10-25,35.7166,36.028,35.5514,35.6505,6889096
NKE,2013-10-28,35.6269,35.8487,35.5609,35.7402,6136702
NKE,2013-10-29,35.8156,35.943,35.6387,35.7543,4201014
NKE,2013-10-30,35.9194,36.278,35.8345,36.1459,6314256
NKE,2013-10-31,35.7449,35.9855,35.4523,35.877,8184376
NKE,2013-11-01,35.8864,36.061,35.693,35.7637,4221690
NKE,2013-11-04,36.0327,36.1129,35.6835,36.0138,3609130
NKE,2013-11-05,36.4243,36.4809,35.8015,35.877,6333190
NKE,2013-11-06,36.2167,36.6413,35.9288,36.6413,3945342
NKE,2013-11-07,35.7166,36.4715,35.6977,36.4243,6250786
NKE,2013-11-08,36.3865,36.396,35.6599,35.6647,5821628
NKE,2013-11-11,36.4054,36.4998,36.1978,36.4715,3523196
NKE,2013-11-12,36.2686,36.4526,36.0468,36.3299,4327480
NKE,2013-11-13,36.731,36.7498,36.0728,36.1129,4802144
NKE,2013-11-14,37.1037,37.1839,36.7498,36.9103,4764342
NKE,2013-11-15,37.3774,37.4057,36.9197,36.9858,5774512
NKE,2013-11-18,37.0754,37.4623,36.9574,37.4623,5693202
NKE,2013-11-19,36.7121,37.099,36.5894,36.9952,6443264
NKE,2013-11-20,36.7263,37.0848,36.6744,36.8017,5892974
NKE,2013-11-21,36.8442,36.9055,36.5233,36.7168,4671450
NKE,2013-11-22,37.2122,37.2641,36.7923,37.0164,7035664
NKE,2013-11-25,37.3349,37.5614,37.2169,37.3019,4583380
NKE,2013-11-26,37.5566,37.684,37.3491,37.6369,7360354
NKE,2013-11-27,37.4293,37.6652,37.316,37.5991,3734332
NKE,2013-11-29,37.3396,37.6321,37.3113,37.5472,3475146
NKE,2013-12-02,37.316,37.8114,37.2358,37.4953,6467854
NKE,2013-12-03,37.3349,37.5048,37.0825,37.2217,5129200
NKE,2013-12-04,37.1886,37.3585,36.9244,37.2264,4833204
NKE,2013-12-05,37.25,37.434,37.099,37.2688,5493908
NKE,2013-12-06,37.6793,37.6935,37.3962,37.5661,3894944
NKE,2013-12-09,37.6416,37.868,37.5897,37.7124,4299198
NKE,2013-12-10,37.3774,37.5826,37.3278,37.4387,5394962
NKE,2013-12-11,36.2544,37.283,36.2025,37.2358,13311554
NKE,2013-12-12,36.0793,36.4059,35.6959,36.4059,10826492
NKE,2013-12-13,36.1598,36.3443,36.084,36.1361,7562266
NKE,2013-12-16,36.1787,36.4911,36.103,36.4011,9733130
NKE,2013-12-17,36.3301,36.5597,36.1574,36.4153,13999090
NKE,2013-12-18,37.1773,37.1915,36.4201,36.4437,10817508
NKE,2013-12-19,37.0401,37.272,36.8034,37.1868,10553666
NKE,2013-12-20,36.6047,36.775,36.2734,36.652,20443782
NKE,2013-12-23,36.4958,36.652,36.297,36.4863,9377292
NKE,2013-12-24,36.7561,36.821,36.5431,36.5479,2782672
NKE,2013-12-26,37.007,37.1347,36.775,36.794,4609850
NKE,2013-12-27,36.9928,37.3951,36.9312,37.272,4640706
NKE,2013-12-30,37.2673,37.3383,36.8792,36.8792,4289342
NKE,2013-12-31,37.2199,37.3667,37.0803,37.2815,4107266
NKE,2014-01-02,37.0306,37.3099,36.8839,36.988,5320436
NKE,2014-01-03,36.9312,37.2152,36.8981,36.988,5596994
NKE,2014-01-06,36.6473,37.201,36.6354,37.1395,6045824
NKE,2014-01-07,36.6757,36.917,36.6378,36.7798,6768976
NKE,2014-01-08,36.4863,36.8934,36.4106,36.6804,6898036
NKE,2014-01-09,36.4863,36.6615,36.3301,36.6425,6263454
NKE,2014-01-10,36.4059,36.6094,36.3018,36.4437,5113992
NKE,2014-01-13,35.5823,36.4059,35.4971,36.3633,8263852
NKE,2014-01-14,35.5776,35.6581,35.3315,35.5445,7809704
NKE,2014-01-15,35.7007,35.8427,35.5634,35.6155,5852590
NKE,2014-01-16,35.3978,35.677,35.1895,35.606,4848396
NKE,2014-01-17,34.7351,35.3741,34.7304,35.3078,9852030
NKE,2014-01-21,34.9055,35.3078,34.7446,35.0901,13146958
NKE,2014-01-22,34.7872,35.0523,34.7872,35.0049,7425218
NKE,2014-01-23,34.4228,34.6358,34.0867,34.5553,9505516
NKE,2014-01-24,33.9116,34.3896,33.9069,34.2145,9232314
NKE,2014-01-27,34.0299,34.2003,33.9447,34.0347,11412736
NKE,2014-01-28,34.4133,34.6216,34.1483,34.2145,9069288
NKE,2014-01-29,33.9684,34.347,33.8453,34.224,10488722
NKE,2014-01-30,34.9955,35.1185,34.2571,34.2902,10440406
NKE,2014-01-31,34.4796,34.6973,34.2476,34.5458,8651900
NKE,2014-02-03,33.5472,34.4512,33.4998,34.437,9516214
NKE,2014-02-04,33.3721,33.7176,33.2916,33.585,7004194
NKE,2014-02-05,33.4146,33.5389,33.0597,33.3531,7368688
NKE,2014-02-06,33.8453,34.2051,33.3673,33.4856,7359296
NKE,2014-02-07,34.4038,34.4772,33.9589,34.0347,6988704
NKE,2014-02-10,34.3944,34.5458,34.1352,34.4228,6430536
NKE,2014-02-11,35.0144,35.0925,34.2902,34.3849,8754260
NKE,2014-02-12,35.0759,35.4072,34.9481,35.1706,6396304
NKE,2014-02-13,35.4356,35.4765,34.9008,34.9434,6168760
NKE,2014-02-14,35.5303,35.5823,35.1185,35.4356,6211156
NKE,2014-02-18,35.5965,35.7196,35.4498,35.5634,5935698
NKE,2014-02-19,35.412,35.7556,35.3126,35.3126,5401484
NKE,2014-02-20,35.7717,35.8521,35.4309,35.4924,5581594
NKE,2014-02-21,36.1976,36.2828,35.6675,35.6817,8728528
NKE,2014-02-24,36.8413,36.9833,36.2024,36.2497,11090816
NKE,2014-02-25,36.9691,37.1631,36.7135,36.7892,6844588
NKE,2014-02-26,37.1158,37.4164,37.0638,37.0638,7918668
NKE,2014-02-27,37.0398,37.2155,36.7835,37.0303,6599430
NKE,2014-02-28,37.1728,37.3674,36.8452,36.9829,6876614
NKE,2014-03-03,36.7408,37.0256,36.342,36.8547,6069112
NKE,2014-03-04,37.3247,37.5288,37.2013,37.301,5661616
NKE,2014-03-05,36.755,37.3152,36.7265,37.2772,6733758
NKE,2014-03-06,37.1348,37.2155,36.7265,36.9354,5537940
NKE,2014-03-07,37.7235,38.0226,37.5431,37.5526,8930880
NKE,2014-03-10,37.4956,37.676,37.244,37.5858,5344448
NKE,2014-03-11,37.4101,37.7994,37.301,37.5288,4907242
NKE,2014-03-12,37.4909,37.5051,37.0446,37.0778,4297346
NKE,2014-03-13,37.282,37.8517,37.187,37.6238,8400450
NKE,2014-03-14,37.1823,37.5051,36.9401,37.168,6086540
NKE,2014-03-17,37.4956,37.5716,37.2772,37.4434,8580336
NKE,2014-03-18,37.8089,38.0178,37.5288,37.5906,8245394
NKE,2014-03-19,37.5763,37.9609,37.2962,37.6713,5970302
NKE,2014-03-20,37.6333,37.6333,36.9212,37.4814,12440636
NKE,2014-03-21,35.7058,36.7028,35.6061,36.6031,31787072
NKE,2014-03-24,35.5396,36.0001,35.402,35.834,10002094
NKE,2014-03-25,34.9652,35.8482,34.9367,35.7723,10529380
NKE,2014-03-26,34.7611,35.3687,34.7611,35.2168,8543902
NKE,2014-03-27,34.8085,35.1788,34.6614,34.8038,8158684
NKE,2014-03-28,34.913,35.1883,34.7895,34.932,5987044
NKE,2014-03-31,35.0649,35.2216,34.8702,35.1314,6356670
NKE,2014-04-01,35.3165,35.5017,35.1408,35.1408,7407620
NKE,2014-04-02,35.3877,35.6061,35.2833,35.4684,7613420
NKE,2014-04-03,35.1266,35.6916,35.0459,35.3972,8254934
NKE,2014-04-04,34.5806,35.3687,34.4287,35.307,9730242
NKE,2014-04-07,33.6264,34.6281,33.5172,34.5664,13853874
NKE,2014-04-08,34.6186,34.7088,34.1344,34.2863,12659534
NKE,2014-04-09,34.9225,34.9415,34.4335,34.78,7078436
NKE,2014-04-10,34.3955,35.2121,34.3005,35.0222,8376572
NKE,2014-04-11,33.8258,34.4999,33.8116,34.1819,8698526
NKE,2014-04-14,34.3623,34.4002,33.8495,34.0394,7264770
NKE,2014-04-15,34.3148,34.5949,34.0537,34.3623,7777444
NKE,2014-04-16,34.7041,34.7421,34.4192,34.5806,4613326
NKE,2014-04-17,35.1456,35.3355,34.7919,34.818,9041594
NKE,2014-04-21,35.0839,35.1598,34.8085,35.0886,6811838
NKE,2014-04-22,35.2975,35.4637,34.9937,34.9937,5136078
NKE,2014-04-23,35.1788,35.5396,35.1362,35.3877,4737822
NKE,2014-04-24,34.8418,35.307,34.7041,35.1408,6784518
NKE,2014-04-25,34.5142,34.9893,34.424,34.6993,6482914
NKE,2014-04-28,34.0252,34.9842,33.7546,34.8275,11446864
NKE,2014-04-29,34.4097,34.5237,34.0157,34.0489,6235986
NKE,2014-04-30,34.6329,34.685,34.2246,34.3385,6174692
NKE,2014-05-01,34.6186,34.837,34.462,34.5664,4818124
NKE,2014-05-02,34.6519,34.9082,34.5806,34.6234,4048270
NKE,2014-05-05,34.7943,34.8607,34.3053,34.4999,4655822
NKE,2014-05-06,34.3005,34.7349,34.2816,34.6519,4585112
NKE,2014-05-07,34.2673,34.5735,33.9564,34.5189,5605346
NKE,2014-05-08,34.6803,34.8228,34.3005,34.3148,7965266
NKE,2014-05-09,34.8702,34.9305,34.5094,34.5949,4817094
NKE,2014-05-12,35.4304,35.4447,34.8323,34.951,6636942
NKE,2014-05-13,35.4115,35.6061,35.383,35.4494,4530112
NKE,2014-05-14,34.932,35.4399,34.894,35.3592,6283330
NKE,2014-05-15,34.6281,34.951,34.3575,34.8513,6039798
NKE,2014-05-16,35.1029,35.1076,34.5759,34.6376,5377026
NKE,2014-05-19,35.364,35.3925,35.0041,35.1408,4682142
NKE,2014-05-20,34.78,35.1788,34.7074,35.1503,5921378
NKE,2014-05-21,35.2311,35.2548,34.78,34.837,4671898
NKE,2014-05-22,35.5491,35.5729,35.1314,35.3307,4866302
NKE,2014-05-23,36.0096,36.2328,35.5871,35.6678,7335230
NKE,2014-05-27,36.3704,36.4844,36.1853,36.2897,6698076
NKE,2014-05-28,36.209,36.3704,36.0429,36.3325,4749234
NKE,2014-05-29,36.3757,36.4996,36.1876,36.29,3987550
NKE,2014-05-30,36.6281,36.6377,36.3376,36.3853,5192378
NKE,2014-06-02,36.5377,36.6662,36.3376,36.6662,3826488
NKE,2014-06-03,35.9804,36.4853,35.9471,36.3948,6793492
NKE,2014-06-04,36.2567,36.3662,35.9185,35.9281,7356868
NKE,2014-06-05,36.1328,36.4505,35.8709,36.3424,7345504
NKE,2014-06-06,36.3043,36.6091,36.2662,36.271,6637666
NKE,2014-06-09,36.5138,36.6281,36.2424,36.2424,5028680
NKE,2014-06-10,36.3424,36.6329,36.3091,36.3567,5152844
NKE,2014-06-11,35.7852,36.0995,35.6709,36.0376,9249944
NKE,2014-06-12,35.609,35.9281,35.5185,35.809,6330580
NKE,2014-06-13,35.5375,35.6852,34.8327,35.5947,7712158
NKE,2014-06-16,35.5042,35.8614,35.4328,35.628,6531480
NKE,2014-06-17,35.7614,35.7947,35.3613,35.609,6122274
NKE,2014-06-18,36.2948,36.3663,35.5852,35.8328,9852222
NKE,2014-06-19,36.0233,36.4091,35.8185,36.3995,4977664
NKE,2014-06-20,35.7661,36.2567,35.7423,36.2376,11385672
NKE,2014-06-23,35.9328,36.009,35.4328,35.7661,9069278
NKE,2014-06-24,35.709,36.1781,35.6852,35.9042,7616964
NKE,2014-06-25,36.4186,36.4519,35.7328,35.7328,7172136
NKE,2014-06-26,36.6043,36.6281,36.0376,36.4662,10522660
NKE,2014-06-27,36.9949,37.6949,36.9949,37.3997,18142240
NKE,2014-06-30,36.9329,37.0187,36.7139,36.9139,8538802
NKE,2014-07-01,37.1472,37.4044,37.0187,37.0187,7129814
NKE,2014-07-02,37.0472,37.3401,36.9996,37.1758,5577522
NKE,2014-07-03,37.3616,37.4425,36.671,36.9234,4568500
NKE,2014-07-07,37.4568,37.5425,37.1187,37.1472,5464806
NKE,2014-07-08,36.9901,37.3425,36.7043,37.2949,8056876
NKE,2014-07-09,37.4759,37.5116,36.9996,37.0425,7048542
NKE,2014-07-10,36.9091,37.0568,36.571,36.7996,6356956
NKE,2014-07-11,36.8091,36.952,36.5567,36.8044,5767520
NKE,2014-07-14,37.1234,37.2377,36.952,37.1234,5503306
NKE,2014-07-15,37.1615,37.2472,36.8996,36.9186,6547966
NKE,2014-07-16,36.6329,37.2568,36.5615,37.0758,7463878
NKE,2014-07-17,36.4472,36.6567,36.3376,36.3995,7462670
NKE,2014-07-18,36.9186,37.0091,36.5138,36.5996,6074414
NKE,2014-07-21,36.5853,36.8139,36.5281,36.59,4222964
NKE,2014-07-22,36.6901,36.9758,36.671,36.7234,5035986
NKE,2014-07-23,36.8472,36.8853,36.59,36.7948,4103962
NKE,2014-07-24,37.433,37.514,37.0806,37.1187,8030262
NKE,2014-07-25,37.0139,37.5187,36.9615,37.3092,4540920
NKE,2014-07-28,37.3377,37.433,36.9186,37.1139,4065216
NKE,2014-07-29,37.1949,37.5568,37.1949,37.3473,4669634
NKE,2014-07-30,37.914,38.0712,37.2806,37.333,9058332
NKE,2014-07-31,36.7329,37.633,36.6615,37.4616,7797748
NKE,2014-08-01,37.6511,38.1575,37.5174,38.1145,4409658
NKE,2014-08-04,36.7472,36.8639,36.3338,36.6139,4839350
NKE,2014-08-05,36.6329,36.9758,36.4472,36.5567,4866202
NKE,2014-08-06,36.7377,36.7853,36.4091,36.4376,5074324
NKE,2014-08-07,36.3614,37.0187,36.1852,37.0044,6756694
NKE,2014-08-08,36.6996,36.7186,36.1471,36.3424,6726000
NKE,2014-08-11,36.6996,36.9091,36.6615,36.8996,7848616
NKE,2014-08-12,36.5424,36.8817,36.4281,36.671,9142328
NKE,2014-08-13,36.7901,37.0472,36.4519,36.7091,6400460
NKE,2014-08-14,36.8139,37.0568,36.652,36.9186,3934930
NKE,2014-08-15,36.7329,37.1472,36.4295,37.0139,4498524
NKE,2014-08-18,37.4092,37.4759,36.9425,37.0187,5697360
NKE,2014-08-19,37.3901,37.6664,37.3139,37.4854,4424066
NKE,2014-08-20,37.5806,37.6616,37.2377,37.2377,3965796
NKE,2014-08-21,37.5949,37.814,37.4568,37.6425,4001828
NKE,2014-08-22,37.7616,37.9712,37.5854,37.7426,5807376
NKE,2014-08-25,38.1045,38.2426,37.8616,37.9092,5086628
NKE,2014-08-26,37.8521,38.1474,37.8235,38.114,5218934
NKE,2014-08-27,37.9664,38.095,37.8235,38.095,3687566
NKE,2014-08-28,37.6511,37.8422,37.5747,37.7467,5169126
NKE,2014-08-29,37.5222,37.7085,37.3884,37.6655,6422960
NKE,2014-09-02,37.8709,37.9855,37.4266,37.4266,8164366
NKE,2014-09-03,37.6511,38.1575,37.5174,38.1145,4419754
NKE,2014-09-04,38.1766,38.3199,37.8231,37.8327,6030362
NKE,2014-09-05,39.1893,39.2227,37.9043,37.9951,12380650
NKE,2014-09-08,39.3613,39.5475,38.7355,39.132,11729654
NKE,2014-09-09,39.0937,39.4281,38.9361,39.2992,8125190
NKE,2014-09-10,39.3947,39.4616,38.9313,39.0412,6742670
NKE,2014-09-11,39.0842,39.452,38.9504,39.2466,7462444
NKE,2014-09-12,39.0937,39.1702,38.8883,39.1558,5926258
NKE,2014-09-15,38.9839,39.2562,38.6973,39.2179,6731534
NKE,2014-09-16,38.788,38.9504,38.6113,38.8024,9393364
NKE,2014-09-17,38.9361,39.089,38.6925,38.9552,7443272
NKE,2014-09-18,39.1558,39.1702,38.8119,39.0985,6393816
NKE,2014-09-19,39.0794,39.5237,38.8501,39.4759,19706420
NKE,2014-09-22,38.554,39.1081,38.3103,39.0173,8145064
NKE,2014-09-23,38.2721,38.4919,38.1623,38.4632,6046870
NKE,2014-09-24,38.6161,38.6304,38.1766,38.2817,6768768
NKE,2014-09-25,38.0954,38.5396,37.8661,38.5396,14138328
NKE,2014-09-26,42.7528,42.9869,41.7019,42.0267,35108796
NKE,2014-09-29,42.5713,43.0394,42.1653,42.1653,14850956
NKE,2014-09-30,42.6095,43.1302,42.2274,42.3659,11584526
NKE,2014-10-01,41.893,42.514,41.8022,42.471,9472554
NKE,2014-10-02,42.6573,42.7576,41.5013,41.8787,8744190
NKE,2014-10-03,43.1302,43.2066,42.5952,42.877,8798778
NKE,2014-10-06,42.6191,43.2305,42.3038,43.1302,7031214
NKE,2014-10-07,42.0697,42.6047,42.0506,42.3229,5486754
NKE,2014-10-08,42.4328,42.5904,41.8118,42.0888,7481288
NKE,2014-10-09,41.6685,42.5092,41.6064,42.2512,7463072
NKE,2014-10-10,41.6494,42.1318,41.5634,41.7688,9048282
NKE,2014-10-13,40.7895,41.6159,40.7179,41.5395,8010426
NKE,2014-10-14,40.6462,41.0379,40.5268,40.9758,9854322
NKE,2014-10-15,40.6892,41.6064,40.1733,40.6606,17572044
NKE,2014-10-16,41.5777,41.678,40.0539,40.2163,13643924
NKE,2014-10-17,41.6446,42.2035,41.5252,41.9312,11407164
NKE,2014-10-20,42.4662,42.4781,41.4487,41.4631,6746026
NKE,2014-10-21,43.2974,43.326,42.5235,42.6573,6469338
NKE,2014-10-22,42.9248,43.7225,42.9009,43.3022,7089024
NKE,2014-10-23,43.1684,43.6222,42.9678,43.0538,6191882
NKE,2014-10-24,43.4216,43.4646,42.9491,42.9678,4932098
NKE,2014-10-27,43.7751,43.8419,43.1971,43.4264,5819342
NKE,2014-10-28,44.162,44.162,43.6174,43.7225,6358432
NKE,2014-10-29,43.9231,44.205,43.67,44.0235,4999730
NKE,2014-10-30,44.4247,44.4247,43.7321,43.8372,4585130
NKE,2014-10-31,44.4104,44.9693,44.2671,44.9645,6463600
NKE,2014-11-03,44.6397,44.654,44.3626,44.5919,4863412
NKE,2014-11-04,44.8785,44.912,44.2413,44.4534,4441432
NKE,2014-11-05,45.2272,45.3037,44.7639,45.3037,6513814
NKE,2014-11-06,45.189,45.4231,45.1604,45.3084,5482034
NKE,2014-11-07,44.7973,45.2607,44.6803,45.2607,4909792
NKE,2014-11-10,45.361,45.4135,44.9215,44.9215,5898124
NKE,2014-11-11,45.3228,45.5234,45.1795,45.4756,4563148
NKE,2014-11-12,45.767,45.8196,45.0123,45.1174,5018404
NKE,2014-11-13,45.9151,46.1205,45.6476,45.9438,5417346
NKE,2014-11-14,45.6189,45.8004,45.3849,45.7575,6406754
NKE,2014-11-17,45.8864,45.9485,45.3992,45.5568,5930934
NKE,2014-11-18,46.0823,46.2638,45.7431,45.853,4803484
NKE,2014-11-19,46.3116,46.3832,46.025,46.0966,4586090
NKE,2014-11-20,46.4788,46.6698,46.0059,46.1539,4822390
NKE,2014-11-21,46.5361,47.2717,46.173,47.1427,7016488
NKE,2014-11-24,46.7893,47.052,46.6889,46.7128,5081522
NKE,2014-11-25,46.474,47.052,46.4644,46.9564,6177120
NKE,2014-11-26,46.7176,46.7558,46.3832,46.4788,3948758
NKE,2014-11-28,47.4294,47.6539,46.923,46.9756,3609490
NKE,2014-12-01,46.6651,47.4771,46.6507,47.1284,5139102
NKE,2014-12-02,46.8322,47.1571,46.6651,46.8418,4383926
NKE,2014-12-03,47.052,47.0998,46.5839,46.8896,3792700
NKE,2014-12-04,47.3147,47.4771,46.8418,47.052,4128228
NKE,2014-12-05,47.4485,47.5297,47.2096,47.415,3408244
NKE,2014-12-08,46.6794,47.3147,46.4788,47.3147,5158048
NKE,2014-12-09,46.3498,46.5265,45.8482,46.3641,6003768
NKE,2014-12-10,46.6507,46.9278,46.0775,46.0871,6457796
NKE,2014-12-11,46.4351,47.2352,46.392,46.6986,8723644
NKE,2014-12-12,46.0711,46.895,46.0711,46.301,8263384
NKE,2014-12-15,45.7166,46.4351,45.4052,46.1956,10152694
NKE,2014-12-16,44.653,45.7118,44.5381,45.6782,14614484
NKE,2014-12-17,45.271,45.3956,44.5045,44.9022,11205120
NKE,2014-12-18,46.507,46.507,45.5393,46.119,18960746
NKE,2014-12-19,45.4339,46.1238,44.471,45.7501,27001968
NKE,2014-12-22,45.9561,45.9561,45.5201,45.5728,7662188
NKE,2014-12-23,45.9753,46.2339,45.7932,45.9896,5252446
NKE,2014-12-24,46.1285,46.6364,46.0303,46.1812,2441210
NKE,2014-12-26,46.3872,46.5693,46.1094,46.2339,3144718
NKE,2014-12-29,46.6124,46.7801,46.2818,46.2818,4017734
NKE,2014-12-30,46.4112,46.6124,46.2866,46.4112,4146858
NKE,2014-12-31,46.0615,46.7609,46.0088,46.4543,4697456
NKE,2015-01-02,45.5249,46.4447,45.0842,46.2531,4985756
NKE,2015-01-05,44.792,45.295,44.6147,45.2758,6889172
NKE,2015-01-06,44.5285,45.1034,44.1069,44.9788,7576058
NKE,2015-01-07,45.4483,45.6543,44.6004,44.8447,7256056
NKE,2015-01-08,46.4974,46.5166,45.8076,45.8267,5997244
NKE,2015-01-09,45.9848,46.4639,45.798,46.4351,4688920
NKE,2015-01-12,45.9226,46.2387,45.6207,45.9465,5630866
NKE,2015-01-13,45.5154,46.6843,45.3333,46.1525,6182188
NKE,2015-01-14,44.8926,45.2088,44.5093,44.7345,6750368
NKE,2015-01-15,44.4614,45.3573,44.3465,45.3333,4234950
NKE,2015-01-16,44.5477,44.6147,44.0878,44.4423,8769998
NKE,2015-01-20,44.8447,44.9788,44.3704,44.7632,9403824
NKE,2015-01-21,44.7968,45.0938,44.5572,44.6051,5854060
NKE,2015-01-22,45.9178,46.0423,44.8207,45.1992,6952332
NKE,2015-01-23,46.0663,46.3489,45.822,46.0567,6781006
NKE,2015-01-26,46.1573,46.2124,45.774,45.9896,4964092
NKE,2015-01-27,45.271,45.7261,45.089,45.6543,6696864
NKE,2015-01-28,44.701,45.6639,44.6722,45.5106,6402676
NKE,2015-01-29,45.4483,45.4483,44.6339,44.8734,6802386
NKE,2015-01-30,44.1932,45.204,44.1213,44.9932,8106318
NKE,2015-02-02,44.0351,44.4039,43.4841,44.3991,8056556
NKE,2015-02-03,44.7201,44.7393,44.0878,44.1836,7940116
NKE,2015-02-04,44.3321,44.6818,44.2027,44.4423,7187314
NKE,2015-02-05,44.7153,44.8351,44.3417,44.495,5754348
NKE,2015-02-06,43.9728,44.7776,43.853,44.7441,7381798
NKE,2015-02-09,43.6758,43.9297,43.4459,43.8339,7339396
NKE,2015-02-10,44.4327,44.6004,43.6997,43.9488,7694606
NKE,2015-02-11,43.7428,44.4327,43.5704,44.3081,8540992
NKE,2015-02-12,44.0734,44.3896,43.4985,43.8147,11855786
NKE,2015-02-13,44.0926,44.3465,44.0255,44.083,7695562
NKE,2015-02-17,44.0063,44.5045,43.9393,43.9488,7370956
NKE,2015-02-18,44.8495,44.9189,43.8003,43.853,8143716
NKE,2015-02-19,44.8878,45.1561,44.7824,44.7824,6605232
NKE,2015-02-20,45.477,45.6495,44.7201,44.8447,7397950
NKE,2015-02-23,45.5154,45.6207,45.1656,45.4722,4622226
NKE,2015-02-24,45.7118,45.7693,45.3908,45.3908,5239428
NKE,2015-02-25,46.3825,46.5645,45.7118,45.7118,7053554
NKE,2015-02-26,46.5987,46.762,46.4353,46.4401,5934942
NKE,2015-02-27,46.6611,46.798,46.4257,46.5794,7118676
NKE,2015-03-02,47.4442,47.4971,46.4833,46.5506,11024948
NKE,2015-03-03,47.0695,47.3097,46.6611,47.2953,7038466
NKE,2015-03-04,46.8533,47.0215,46.5842,46.9254,4853074
NKE,2015-03-05,47.3049,47.4106,46.983,47.0647,6633694
NKE,2015-03-06,46.5602,47.4154,46.4113,47.3049,7174696
NKE,2015-03-09,46.8101,46.9974,46.5746,46.6467,5938868
NKE,2015-03-10,46.368,46.5891,46.2431,46.3248,7095986
NKE,2015-03-11,45.8059,46.6419,45.729,46.3056,7484130
NKE,2015-03-12,46.6227,46.6515,45.8251,45.8828,5809796
NKE,2015-03-13,46.0317,46.8341,45.7867,46.6227,7396106
NKE,2015-03-16,46.3344,46.5074,46.0894,46.2191,8497008
NKE,2015-03-17,46.3825,46.4978,45.8876,46.1903,6408236
NKE,2015-03-18,46.8485,47.0215,45.9356,46.3825,8855660
NKE,2015-03-19,47.2377,47.3818,46.7044,46.9926,13536086
NKE,2015-03-20,48.9961,49.8657,48.6454,49.3084,29779820
NKE,2015-03-23,48.7463,49.294,48.6213,48.7895,10471888
NKE,2015-03-24,48.3571,48.8423,48.3331,48.5493,7598814
NKE,2015-03-25,47.5596,48.6117,47.5355,48.5252,8133494
NKE,2015-03-26,47.7229,48.088,46.9254,47.2473,9479732
NKE,2015-03-27,47.9871,48.1313,47.622,47.622,4403500
NKE,2015-03-30,48.4724,48.7895,48.3042,48.6358,5435458
NKE,2015-03-31,48.2034,48.9288,48.1841,48.4676,6309234
NKE,2015-04-01,47.8286,48.1793,47.2473,48.0448,6605356
NKE,2015-04-02,47.8815,48.1985,47.752,48.064,3840442
NKE,2015-04-06,47.9151,48.3475,47.3482,47.4442,5027514
NKE,2015-04-07,47.8574,48.1697,47.7902,47.9151,3993638
NKE,2015-04-08,48.4484,48.5108,47.9103,48.0448,6522368
NKE,2015-04-09,48.3907,48.8568,48.3331,48.5252,5300988
NKE,2015-04-10,48.0304,48.5637,48.0112,48.4868,5918122
NKE,2015-04-13,47.6941,48.0736,47.5932,48.0304,7313732
NKE,2015-04-14,47.819,47.9535,47.4202,47.5932,4770844
NKE,2015-04-15,47.9631,48.3955,47.9151,48.3475,5716284
NKE,2015-04-16,47.9968,48.1265,47.7565,47.7998,4103938
NKE,2015-04-17,47.3482,47.7421,47.1512,47.646,6049532
NKE,2015-04-20,48.04,48.2082,47.574,47.6028,6208572
NKE,2015-04-21,48.1841,48.4532,47.9103,48.4099,5125302
NKE,2015-04-22,48.1169,48.2322,47.7037,48.1889,3905790
NKE,2015-04-23,48.5781,48.8135,47.7806,47.9391,4668126
NKE,2015-04-24,48.5012,48.6598,48.1457,48.2658,4333902
NKE,2015-04-27,48.4964,49.0057,48.4147,48.655,5158348
NKE,2015-04-28,47.9775,48.4292,47.6558,48.4292,6031624
NKE,2015-04-29,48.1265,48.2802,47.6893,47.819,5395124
NKE,2015-04-30,47.4875,48.2898,47.3049,47.9247,6496960
NKE,2015-05-01,48.4196,48.4388,47.7613,47.9871,6683498
NKE,2015-05-04,48.4436,48.6213,48.2776,48.5252,4557780
NKE,2015-05-05,48.2466,48.4628,48.1697,48.2514,5104504
NKE,2015-05-06,48.1505,48.5252,47.8911,48.1745,5396500
NKE,2015-05-07,48.7415,48.8087,48.052,48.261,5526328
NKE,2015-05-08,49.2171,49.6303,49.145,49.145,5534780
NKE,2015-05-11,49.3853,49.5918,49.0489,49.2075,5339820
NKE,2015-05-12,49.1835,49.3372,48.8135,48.9961,4676460
NKE,2015-05-13,49.0826,49.3564,48.9048,49.3372,4508286
NKE,2015-05-14,49.6975,49.7288,49.1546,49.4573,5433374
NKE,2015-05-15,50.4374,50.4615,49.6639,49.7984,7865296
NKE,2015-05-18,50.3269,50.6873,50.1684,50.4999,5045232
NKE,2015-05-19,50.2741,50.5335,50.1348,50.2645,5971288
NKE,2015-05-20,50.2597,50.5191,50.0675,50.4086,5400302
NKE,2015-05-21,50.1588,50.5431,50.0819,50.3846,5455100
NKE,2015-05-22,50.1732,50.5527,49.9858,50.5479,5654776
NKE,2015-05-26,49.6879,50.3269,49.5726,50.1732,5691368
NKE,2015-05-27,49.4093,49.9282,49.1546,49.7168,8896744
NKE,2015-05-28,49.284,49.5972,48.9034,49.2503,5781666
NKE,2015-05-29,48.9805,49.3226,48.677,49.284,5562280
NKE,2015-06-01,49.0239,49.2792,48.8745,49.0287,4944150
NKE,2015-06-02,49.1925,49.4719,48.8986,49.0432,4974676
NKE,2015-06-03,49.3852,49.6646,49.0287,49.2792,4766704
NKE,2015-06-04,49.1154,49.7658,48.9564,49.1684,4467168
NKE,2015-06-05,49.154,49.2599,48.7204,48.8986,3791746
NKE,2015-06-08,48.8697,49.0865,48.8408,48.9468,4314090
NKE,2015-06-09,48.8264,49.1039,48.5518,48.8938,3476844
NKE,2015-06-10,49.7851,50.1175,48.9757,49.0576,6270398
NKE,2015-06-11,50.0452,50.6426,49.8477,50.6281,6178028
NKE,2015-06-12,49.997,50.1512,49.7224,49.8862,4133038
NKE,2015-06-15,49.7899,50.0308,49.4912,49.6694,4901994
NKE,2015-06-16,50.3728,50.5751,49.8332,49.8525,5034098
NKE,2015-06-17,50.4643,50.6667,50.1416,50.4595,4072494
NKE,2015-06-18,51.0665,51.3893,50.5896,50.6089,5690530
NKE,2015-06-19,51.3219,51.476,51.0376,51.081,7285558
NKE,2015-06-22,51.4471,51.7651,51.3797,51.4809,4186666
NKE,2015-06-23,51.6447,51.6736,51.4616,51.6447,5934286
NKE,2015-06-24,51.1725,51.7266,51.0858,51.6447,5056198
NKE,2015-06-25,50.6908,51.4568,50.4258,51.4568,10811370
NKE,2015-06-26,52.8539,53.1574,50.6908,52.2083,20287620
NKE,2015-06-29,51.8711,52.7479,51.8663,52.6419,9004902
NKE,2015-06-30,52.0397,52.454,51.9337,52.4396,7531108
NKE,2015-07-01,52.719,52.719,52.3143,52.4877,5923952
NKE,2015-07-02,52.931,53.3453,52.5552,52.9502,5900022
NKE,2015-07-06,52.9165,53.2393,52.5166,52.5552,4991324
NKE,2015-07-07,53.6151,53.6343,52.5407,53.0321,7207070
NKE,2015-07-08,52.6419,53.3559,52.5118,53.0996,6733634
NKE,2015-07-09,52.7238,53.4368,52.6034,53.1092,6168402
NKE,2015-07-10,53.2441,53.379,52.5118,53.2489,5160156
NKE,2015-07-13,54.1546,54.2221,53.379,53.591,5047642
NKE,2015-07-14,54.1209,54.4678,53.9186,54.3618,5561468
NKE,2015-07-15,53.9089,54.145,53.8078,53.9571,5017136
NKE,2015-07-16,54.1209,54.3907,53.8848,54.3232,4335714
NKE,2015-07-17,54.3425,54.4292,53.9089,54.1354,4545314
NKE,2015-07-20,54.5015,54.7038,54.3521,54.5689,5978202
NKE,2015-07-21,54.434,54.7135,54.304,54.4292,4626320
NKE,2015-07-22,54.964,55.0266,54.3762,54.3762,5954128
NKE,2015-07-23,54.9206,55.2598,54.8301,55.1615,6714788
NKE,2015-07-24,54.434,55.0073,54.185,55.0073,5967242
NKE,2015-07-27,53.827,54.4003,53.4513,54.1498,6648060
NKE,2015-07-28,54.6653,54.8773,53.8848,53.9908,6948236
NKE,2015-07-29,55.3638,55.5662,54.6797,54.7183,6839892
NKE,2015-07-30,55.4072,55.5951,54.8922,55.3783,5594062
NKE,2015-07-31,55.5084,55.8552,55.3205,55.6433,5078650
NKE,2015-08-03,55.3205,55.8841,54.7231,55.6481,4991998
NKE,2015-08-04,55.7733,55.8504,55.0796,55.3783,5228992
NKE,2015-08-05,56.2455,56.7127,56.0528,56.178,6853064
NKE,2015-08-06,55.4602,56.6068,55.0989,56.3659,6211466
NKE,2015-08-07,55.1663,55.3826,54.487,55.2675,5907890
NKE,2015-08-10,55.5758,55.966,55.3301,55.5903,4613264
NKE,2015-08-11,55.1422,55.3976,54.7424,54.9881,5107412
NKE,2015-08-12,54.4678,54.8002,53.3067,54.699,7174684
NKE,2015-08-13,54.7279,55.1735,54.4148,54.5689,5907732
NKE,2015-08-14,55.0941,55.1928,54.4919,54.7231,4686134
NKE,2015-08-17,55.3927,55.465,54.4822,54.9784,3917460
NKE,2015-08-18,55.3157,55.73,55.2049,55.4602,3671450
NKE,2015-08-19,55.3831,55.9082,54.7038,54.9206,6216434
NKE,2015-08-20,54.1016,55.1374,54.0727,54.7809,6536846
NKE,2015-08-21,51.4857,53.7933,51.4712,53.7018,15912850
NKE,2015-08-24,50.0404,51.7314,45.5263,48.3012,19882610
NKE,2015-08-25,49.8766,51.6977,49.8524,51.6832,13616108
NKE,2015-08-26,52.3962,52.5166,50.0934,51.3074,15156048
NKE,2015-08-27,54.2558,54.2895,52.8153,53.1718,13617324
NKE,2015-08-28,54.198,54.4389,53.7837,54.2462,7526116
NKE,2015-08-31,53.8367,54.1932,53.5861,54.145,7073574
NKE,2015-09-01,52.3336,52.9117,52.0445,52.5022,9385236
NKE,2015-09-02,53.3308,53.3694,52.6082,52.9936,8536314
NKE,2015-09-03,53.5385,54.1374,53.326,53.722,6065052
NKE,2015-09-04,52.9782,53.3356,52.616,52.7512,7127068
NKE,2015-09-08,53.9732,54.0311,53.2342,53.8331,5511324
NKE,2015-09-09,53.0603,54.5721,52.9396,54.4368,6349722
NKE,2015-09-10,53.3115,53.6302,52.616,52.9637,7362902
NKE,2015-09-11,54.007,54.0166,53.1231,53.239,5589552
NKE,2015-09-14,54.0408,54.1229,53.6785,53.8572,6833274
NKE,2015-09-15,54.9826,55.0985,53.5143,54.0456,7699312
NKE,2015-09-16,55.823,55.9824,54.9826,55.2193,8104442
NKE,2015-09-17,55.6733,56.4074,55.3303,55.6588,8062642
NKE,2015-09-18,55.567,55.8471,54.944,55.1323,18614998
NKE,2015-09-21,56.2963,56.5523,55.4274,55.8664,8746568
NKE,2015-09-22,56.0113,56.1031,55.2434,55.6636,7555490
NKE,2015-09-23,55.7505,56.3156,55.6394,56.0113,9055706
NKE,2015-09-24,55.4414,55.6153,54.8184,55.2048,14352696
NKE,2015-09-25,60.3727,60.8315,59.2618,59.4671,36968186
NKE,2015-09-28,58.9913,60.2567,58.3683,60.1312,16450704
NKE,2015-09-29,57.7984,58.9672,57.4989,58.9237,14414414
NKE,2015-09-30,59.3922,59.4647,58.3152,58.3152,9437808
NKE,2015-10-01,59.8076,59.8607,58.576,59.484,8994220
NKE,2015-10-02,60.4741,60.4741,58.7112,58.9672,9114408
NKE,2015-10-05,60.0201,61.0923,59.9331,60.7784,9647392
NKE,2015-10-06,59.4985,60.2761,59.2087,60.0201,7665362
NKE,2015-10-07,58.972,60.107,58.4407,59.7013,10223060
NKE,2015-10-08,60.3292,60.4886,59.2473,59.3681,7622644
NKE,2015-10-09,60.3437,60.5369,59.9331,60.1602,6940522
NKE,2015-10-12,61.0633,61.3869,60.3823,60.4693,5448910
NKE,2015-10-13,60.7639,61.1165,60.6576,60.8556,6355354
NKE,2015-10-14,60.7784,61.1503,60.561,60.8508,6509064
NKE,2015-10-15,62.2032,62.3867,61.3193,61.4449,10764798
NKE,2015-10-16,63.0146,63.0725,62.2418,62.5461,9321616
NKE,2015-10-19,64.3379,64.4877,63.3237,63.6135,12587856
NKE,2015-10-20,63.9322,64.4104,63.739,64.2607,9104196
NKE,2015-10-21,63.9805,64.3428,63.6714,64.0675,5505722
NKE,2015-10-22,63.9516,64.4539,63.0677,64.1737,9294752
NKE,2015-10-23,63.0436,64.3331,62.2611,64.2703,10517736
NKE,2015-10-26,63.4541,63.8637,62.918,62.918,6882718
NKE,2015-10-27,63.1836,63.3865,62.6234,63.2706,6150040
NKE,2015-10-28,63.4106,63.7777,62.7538,63.6183,7091306
NKE,2015-10-29,63.3285,63.4951,62.7683,63.116,4958976
NKE,2015-10-30,63.285,63.5692,62.8214,63.5362,7230828
NKE,2015-11-02,63.3623,63.7535,62.5268,63.6231,6123180
NKE,2015-11-03,63.4637,63.6086,63.116,63.3865,5491944
NKE,2015-11-04,62.9614,63.6907,62.7296,63.4589,5190268
NKE,2015-11-05,63.6859,63.966,63.011,63.3575,5068298
NKE,2015-11-06,63.6473,64.2075,63.4444,63.5603,4837624
NKE,2015-11-09,63.0194,63.4734,62.435,63.3913,6181194
NKE,2015-11-10,62.7876,63.1208,62.5606,62.831,5287416
NKE,2015-11-11,61.5415,63.0725,61.4739,62.9228,8578050
NKE,2015-11-12,60.846,61.8216,60.5707,61.3386,9387950
NKE,2015-11-13,58.8561,60.4789,58.5152,60.4113,16370976
NKE,2015-11-16,59.6289,59.6385,58.605,58.8271,9146492
NKE,2015-11-17,59.2039,59.6965,58.1606,59.4309,10581526
NKE,2015-11-18,60.7494,60.8701,59.2425,59.426,10597700
NKE,2015-11-19,60.7494,61.3338,60.5562,60.9812,8557562
NKE,2015-11-20,64.0675,64.1399,63.0194,63.7873,19064750
NKE,2015-11-23,63.9757,64.2365,63.6473,64.1496,7135562
NKE,2015-11-24,63.9999,64.2269,63.3961,63.5748,5311542
NKE,2015-11-25,64.7823,64.9851,64.251,64.2752,6989012
NKE,2015-11-27,64.8789,65.3474,64.3964,65.1638,4528234
NKE,2015-11-30,63.8888,64.8113,63.5797,64.6857,8738868
NKE,2015-12-01,64.3862,64.4394,63.7149,63.8115,6857084
NKE,2015-12-02,64.0675,64.3428,63.8018,64.1641,7965540
NKE,2015-12-03,62.3625,64.4104,62.3046,64.2896,10649740
NKE,2015-12-04,63.9129,64.1979,62.691,62.691,7410410
NKE,2015-12-07,63.6373,64.2659,63.1585,64.1934,6189962
NKE,2015-12-08,63.6856,64.1885,63.0715,63.2843,5605710
NKE,2015-12-09,62.3026,63.6083,61.7707,63.2311,7442890
NKE,2015-12-10,62.2059,62.6895,61.9013,62.2446,5682544
NKE,2015-12-11,61.0695,61.7707,60.7697,61.7127,8275224
NKE,2015-12-14,61.8287,62.056,60.9873,61.234,7991328
NKE,2015-12-15,62.1914,62.8636,62.0657,62.6701,6869524
NKE,2015-12-16,63.3133,63.4439,62.293,62.5589,7542148
NKE,2015-12-17,62.97,63.7582,62.8974,63.6856,7400800
NKE,2015-12-18,62.1479,63.121,62.0754,62.733,13804660
NKE,2015-12-21,62.7669,63.0135,62.1914,62.7088,8972684
NKE,2015-12-22,63.7582,63.7582,62.7765,63.5793,17218398
NKE,2015-12-23,62.2398,65.9536,61.8094,65.881,57319300
NKE,2015-12-24,61.1034,62.6024,60.1072,62.4284,13890843
NKE,2015-12-28,61.7127,61.7804,60.7359,61.1324,8786830
NKE,2015-12-29,62.1479,62.3607,61.9158,62.1963,6708638
NKE,2015-12-30,61.1711,62.2833,61.0937,62.2446,5817947
NKE,2015-12-31,60.4457,61.0937,60.4457,61.0744,6454656
NKE,2016-01-04,59.498,59.8751,58.8596,59.1014,11626813
NKE,2016-01-05,60.3297,60.5328,59.6914,59.6914,9220645
NKE,2016-01-06,59.4689,60.0009,59.1401,59.2852,6551556
NKE,2016-01-07,57.8828,59.2465,57.8151,58.4051,10881313
NKE,2016-01-08,56.9351,58.7919,56.732,58.0859,11191253
NKE,2016-01-11,57.5927,58.0666,56.6111,57.0318,12824968
NKE,2016-01-12,57.9699,58.821,57.612,58.3664,8292167
NKE,2016-01-13,56.848,58.5405,56.7416,58.5405,9944268
NKE,2016-01-14,56.5869,57.3993,55.3973,57.0608,9989036
NKE,2016-01-15,55.6681,56.229,54.73,55.0588,12208250
NKE,2016-01-19,56.4031,57.1285,55.7745,56.2774,9924279
NKE,2016-01-20,57.0995,57.6314,54.8847,55.3683,16234233
NKE,2016-01-21,58.5695,59.1498,57.1188,57.1382,16121599
NKE,2016-01-22,58.879,59.4496,58.5985,59.2755,8430089
NKE,2016-01-25,58.7049,59.2852,58.6275,59.0821,10383418
NKE,2016-01-26,59.1014,59.3529,58.2905,58.5018,8005226
NKE,2016-01-27,57.6217,59.0917,57.2542,58.9564,8593736
NKE,2016-01-28,59.1885,59.5753,58.0086,58.3374,10207035
NKE,2016-01-29,59.9718,60.1169,59.1885,59.1885,10475161
NKE,2016-02-01,61.0841,61.3839,59.672,59.7204,8247810
NKE,2016-02-02,60.4941,61.4129,60.262,60.9487,9458486
NKE,2016-02-03,60.4361,60.8326,59.2852,60.8133,7213516
NKE,2016-02-04,58.1923,60.1169,58.0182,59.9815,10455716
NKE,2016-02-05,55.2909,57.8732,55.1023,57.7958,14415858
NKE,2016-02-08,53.2309,54.3625,51.877,54.2561,21214515
NKE,2016-02-09,53.8499,54.759,52.4959,52.7087,10915657
NKE,2016-02-10,55.523,56.2677,54.0917,54.6816,13376815
NKE,2016-02-11,54.1594,55.0395,53.5694,54.6043,13090937
NKE,2016-02-12,54.5656,55.5593,53.6758,55.4844,10229492
NKE,2016-02-16,55.8906,56.0936,54.9524,55.6778,8057969
NKE,2016-02-17,56.2581,56.6739,55.2232,56.6739,10332698
NKE,2016-02-18,56.6739,57.0221,56.0743,56.2581,9658703
NKE,2016-02-19,57.3606,57.3606,55.7358,56.5772,10080086
NKE,2016-02-22,58.1923,58.4873,57.3122,57.6894,11523446
NKE,2016-02-23,58.231,58.7436,57.9215,58.2794,7504589
NKE,2016-02-24,58.4148,58.7001,57.2542,57.7765,10390838
NKE,2016-02-25,60.3297,60.3297,58.6371,58.6856,8524250
NKE,2016-02-26,60.5425,61.4032,60.4126,60.5811,8896102
NKE,2016-02-29,59.5657,60.6198,59.556,60.4071,7720619
NKE,2016-03-01,60.8519,61.026,59.7204,59.9332,7438258
NKE,2016-03-02,60.1749,60.8229,59.4786,60.4651,8465840
NKE,2016-03-03,59.6029,60.3107,59.0696,60.1653,7924362
NKE,2016-03-04,59.3993,59.6707,58.5461,59.5544,7279438
NKE,2016-03-07,57.4503,59.2829,57.0043,59.215,12829552
NKE,2016-03-08,57.9933,58.7593,56.9267,57.237,9307915
NKE,2016-03-09,56.5583,57.8091,56.1898,57.7703,12766907
NKE,2016-03-10,57.0916,57.2467,56.2092,56.917,9402576
NKE,2016-03-11,58.2551,58.6042,57.334,57.334,8834380
NKE,2016-03-14,58.9629,59.4671,58.2745,58.3618,7090509
NKE,2016-03-15,59.535,59.8744,58.5218,58.6624,6191424
NKE,2016-03-16,59.9811,60.3398,59.4282,59.6029,7018279
NKE,2016-03-17,61.261,61.4549,59.8647,59.8841,9924755
NKE,2016-03-18,61.0767,62.0318,60.941,61.6197,13192883
NKE,2016-03-21,62.7542,63.3069,61.4743,61.6197,13635416
NKE,2016-03-22,62.9287,63.4523,62.2209,62.8608,18212861
NKE,2016-03-23,60.5434,61.5228,59.2926,59.4671,26987016
NKE,2016-03-24,59.7774,60.2525,59.2635,60.175,12231325
NKE,2016-03-28,59.4768,60.0974,59.3896,59.7096,7898992
NKE,2016-03-29,59.6223,60.0198,59.3896,59.3993,7837765
NKE,2016-03-30,60.1556,60.5143,59.8938,59.8938,7859341
NKE,2016-03-31,59.6029,60.7374,59.4478,60.1071,8257807
NKE,2016-04-01,59.7193,59.9422,59.2926,59.3605,7555272
NKE,2016-04-04,58.1485,59.9714,57.6152,59.855,16523442
NKE,2016-04-05,57.8576,58.3424,57.6346,57.8091,7554009
NKE,2016-04-06,58.4781,58.8369,57.3921,57.7897,10201539
NKE,2016-04-07,58.4684,58.7399,57.8964,57.9739,7092947
NKE,2016-04-08,57.6152,58.7205,57.5182,58.6527,8761653
NKE,2016-04-11,56.1607,57.9642,56.0638,57.9157,12593383
NKE,2016-04-12,56.7716,56.8395,55.162,56.2383,12471148
NKE,2016-04-13,57.7703,58.1291,57.0431,57.2273,10629071
NKE,2016-04-14,57.683,58.5072,57.6346,57.8964,7785161
NKE,2016-04-15,57.6927,57.78,56.6165,57.2273,7653565
NKE,2016-04-18,57.7606,58.1775,57.5764,57.5764,6075932
NKE,2016-04-19,57.7509,58.1679,57.5279,58.1388,6594446
NKE,2016-04-20,57.8091,58.4103,57.6249,57.6249,7177508
NKE,2016-04-21,58.2551,58.6914,57.8964,58.6914,7156668
NKE,2016-04-22,57.6249,58.3909,57.1788,58.3521,8294326
NKE,2016-04-25,57.4115,57.6152,56.9752,57.5376,6117737
NKE,2016-04-26,57.7315,58.1485,57.4697,57.5085,5582155
NKE,2016-04-27,57.4697,57.9157,56.8491,57.8188,8094578
NKE,2016-04-28,56.7619,58.0709,56.6455,57.1594,6028575
NKE,2016-04-29,57.1497,57.2923,56.3353,56.6358,8178658
NKE,2016-05-02,57.78,57.9303,57.1982,57.2952,8647783
NKE,2016-05-03,57.7121,58.0273,57.237,57.4406,8061257
NKE,2016-05-04,57.3146,58.1388,57.0334,57.4309,8062777
NKE,2016-05-05,56.4225,57.1885,56.2383,57.1497,7845960
NKE,2016-05-06,56.6552,56.6649,55.6371,56.3934,7307963
NKE,2016-05-09,56.9364,57.3921,56.6746,56.8104,5604923
NKE,2016-05-10,57.4018,58.1679,56.8298,56.8298,7600153
NKE,2016-05-11,55.2784,56.8975,55.1232,56.7231,12822988
NKE,2016-05-12,56.2286,56.568,55.5693,55.7729,8083739
NKE,2016-05-13,55.5693,56.3546,55.5402,55.9862,7392620
NKE,2016-05-16,55.4044,55.7826,54.9099,55.5305,8045888
NKE,2016-05-17,55.3656,55.6323,54.9293,55.4141,7620685
NKE,2016-05-18,54.4154,55.1426,53.9791,55.036,11532822
NKE,2016-05-19,55.3075,55.5596,53.9791,54.1245,9376468
NKE,2016-05-20,54.7645,55.3268,53.727,54.1827,13745298
NKE,2016-05-23,54.2893,55.2396,54.2506,54.8808,7780729
NKE,2016-05-24,54.8711,55.0457,54.1633,54.3475,11098667
NKE,2016-05-25,54.2893,54.9681,54.0759,54.7548,9921707
NKE,2016-05-26,54.1439,54.6481,53.9112,54.3475,9063054
NKE,2016-05-27,54.4833,54.8129,54.2796,54.4639,8525892
NKE,2016-05-31,53.5427,54.7548,53.4943,54.6966,14233551
NKE,2016-06-01,53.262,53.3682,51.3126,51.7101,28409319
NKE,2016-06-02,53.0286,53.1647,52.7271,52.7271,13901685
NKE,2016-06-03,51.9783,53.0675,51.9297,52.7952,17265816
NKE,2016-06-06,52.8049,53.0383,52.2117,52.2895,13808332
NKE,2016-06-07,52.0756,52.8528,52.0756,52.6688,13333980
NKE,2016-06-08,52.6299,52.8438,52.1825,52.3479,12068525
NKE,2016-06-09,53.4273,53.5343,52.3965,52.6202,11609794
NKE,2016-06-10,53.5926,53.8357,53.048,53.1356,12183598
NKE,2016-06-13,53.3981,54.108,53.369,53.4856,8582181
NKE,2016-06-14,52.6299,53.4273,52.591,53.0772,9585598
NKE,2016-06-15,52.8146,53.544,52.7466,52.7466,7498386
NKE,2016-06-16,51.9978,52.1631,51.4824,52.0658,14456484
NKE,2016-06-17,52.2312,52.3868,51.6963,51.9783,11007105
NKE,2016-06-20,52.8633,53.6315,52.7368,52.7368,8429371
NKE,2016-06-21,53.262,53.5732,52.9411,52.9605,8278214
NKE,2016-06-22,53.0675,53.6218,53.0286,53.4856,7019646
NKE,2016-06-23,52.6299,53.6607,52.4646,53.5926,11219782
NKE,2016-06-24,51.142,51.8908,50.7433,50.9183,18481189
NKE,2016-06-27,50.4613,51.0739,50.0577,50.5682,15374062
NKE,2016-06-28,51.6282,51.7303,50.1501,50.6071,20837781
NKE,2016-06-29,53.6121,53.6218,51.4337,52.9994,36084771
NKE,2016-06-30,53.6801,53.9038,53.0967,53.7677,17350521
NKE,2016-07-01,54.0789,54.2733,53.3981,53.5537,9285096
NKE,2016-07-05,53.6801,54.3706,53.4954,53.8163,10256124
NKE,2016-07-06,54.2636,54.2733,53.3106,53.369,7863399
NKE,2016-07-07,54.3803,54.4338,54.0302,54.2636,6947979
NKE,2016-07-08,55.1583,55.2555,54.5456,54.5554,8645942
NKE,2016-07-11,55.2653,55.6542,55.1486,55.2653,8122521
NKE,2016-07-12,56.4614,56.5975,55.4987,55.5181,11164368
NKE,2016-07-13,56.3933,56.8303,56.1405,56.5781,9126459
NKE,2016-07-14,56.8796,56.9865,56.5489,56.6948,7488355
NKE,2016-07-15,56.2766,57.2442,56.2766,56.9768,9225206
NKE,2016-07-18,56.1502,56.5586,56.1502,56.403,6478896
NKE,2016-07-19,56.1697,56.1794,55.5765,55.8779,7442696
NKE,2016-07-20,56.1697,56.5003,56.1502,56.3933,5872418
NKE,2016-07-21,55.4209,56.4322,55.0124,56.3933,8317259
NKE,2016-07-22,55.168,55.3917,54.8714,55.2555,8614746
NKE,2016-07-25,55.5667,55.5765,54.9054,55.3042,7256291
NKE,2016-07-26,54.8179,56.2756,54.7012,55.6251,8546691
NKE,2016-07-27,54.2539,55.4306,53.9427,54.9443,10295407
NKE,2016-07-28,53.9233,54.2733,53.4662,54.0594,9574064
NKE,2016-07-29,53.9719,54.1275,53.6879,53.7482,6353444
NKE,2016-08-01,53.8844,54.3317,53.7774,54.1955,6268392
NKE,2016-08-02,53.4079,53.7579,53.2717,53.7093,7145600
NKE,2016-08-03,53.2425,53.6656,52.7855,53.048,9687312
NKE,2016-08-04,53.2814,54.04,53.1453,53.4468,8678103
NKE,2016-08-05,54.3122,54.5165,53.651,53.7968,7512502
NKE,2016-08-08,54.4387,54.8374,54.1469,54.5845,6306977
NKE,2016-08-09,54.2344,54.6915,54.1567,54.5359,8044357
NKE,2016-08-10,53.6121,54.6332,53.5537,54.4095,6881449
NKE,2016-08-11,55.168,55.3236,53.9524,54.0983,9539467
NKE,2016-08-12,54.8957,55.1923,54.5845,55.1388,5393354
NKE,2016-08-15,55.2069,55.4889,55.061,55.0902,4836335
NKE,2016-08-16,55.3139,55.4646,54.8666,55.2361,4901794
NKE,2016-08-17,55.2944,55.4014,54.9832,55.3042,7340541
NKE,2016-08-18,55.6348,55.8779,55.3285,55.4209,6043620
NKE,2016-08-19,57.2783,57.5117,55.6737,55.8196,15987096
NKE,2016-08-22,57.0449,57.8182,57.0352,57.2005,8265962
NKE,2016-08-23,57.9784,58.1535,57.181,57.181,8222759
NKE,2016-08-24,58.5619,58.6689,58.0757,58.241,11379038
NKE,2016-08-25,57.6089,58.4938,57.4047,58.3577,8713898
NKE,2016-08-26,57.3755,57.57,56.6948,56.9574,9994300
NKE,2016-08-29,57.0157,57.6186,56.9185,57.57,5831027
NKE,2016-08-30,56.403,57.1421,56.2572,56.8504,6344565
NKE,2016-08-31,56.0534,56.6753,55.6105,56.2669,7723638
NKE,2016-09-01,57.0871,57.0969,56.1022,56.2387,8224952
NKE,2016-09-02,56.58,57.7112,56.5508,57.1749,6933123
NKE,2016-09-06,55.9852,56.9311,55.7901,56.8043,9771751
NKE,2016-09-07,56.2875,56.346,55.5951,56.0534,7536144
NKE,2016-09-08,54.7759,55.8486,54.7174,55.4683,12741924
NKE,2016-09-09,53.9568,54.6101,53.8934,54.4931,11310403
NKE,2016-09-12,54.6199,54.7223,53.5862,53.635,7470941
NKE,2016-09-13,53.9958,54.5516,53.752,54.4736,7359422
NKE,2016-09-14,53.7617,54.1811,53.5667,53.791,7621197
NKE,2016-09-15,54.0933,54.1616,53.4497,53.635,6316251
NKE,2016-09-16,53.8105,53.986,53.6837,53.869,11715439
NKE,2016-09-19,53.5862,54.0933,53.5667,54.0055,7671328
NKE,2016-09-20,53.5082,54.064,53.4009,53.8885,8562999
NKE,2016-09-21,53.9665,54.0055,53.2546,53.6545,8041695
NKE,2016-09-22,54.0348,54.5906,53.869,54.0933,8052393
NKE,2016-09-23,53.7812,54.3273,53.5472,53.6545,8921732
NKE,2016-09-26,53.0499,53.635,52.7329,53.4399,11629568
NKE,2016-09-27,53.9665,54.1616,52.5623,52.9036,17945212
NKE,2016-09-28,51.9284,53.6316,51.4896,53.2449,33213008
NKE,2016-09-29,50.8655,52.2502,50.8264,51.6066,16993949
NKE,2016-09-30,51.3433,51.7431,50.9825,51.2653,12940220
NKE,2016-10-03,51.3628,51.6846,51.119,51.236,7632543
NKE,2016-10-04,50.846,51.7431,50.7874,51.5871,10737412
NKE,2016-10-05,50.8264,51.3335,50.8069,50.8557,7244125
NKE,2016-10-06,50.7387,51.0312,50.6802,50.9045,9391723
NKE,2016-10-07,50.5046,51.158,50.3974,51.119,8407084
NKE,2016-10-10,50.5046,50.9532,50.4851,50.8362,5469323
NKE,2016-10-11,50.5339,50.9532,50.2413,50.6607,9203523
NKE,2016-10-12,51.1385,51.4018,50.5144,50.7192,9301264
NKE,2016-10-13,50.7387,51.0215,50.2218,50.8264,8425755
NKE,2016-10-14,50.3389,51.197,50.3389,51.08,7133784
NKE,2016-10-17,49.7635,50.4656,49.6952,50.3681,7904002
NKE,2016-10-18,49.9488,50.3779,49.9195,50.0268,6805166
NKE,2016-10-19,50.5144,50.5534,49.8708,50.0658,6998963
NKE,2016-10-20,50.6022,51.0605,50.4071,50.4851,6590489
NKE,2016-10-21,50.4851,50.5827,49.978,50.4559,9161003
NKE,2016-10-24,50.5827,50.9922,50.5436,50.8655,7578184
NKE,2016-10-25,49.783,50.1633,49.4514,49.705,14975302
NKE,2016-10-26,50.6802,50.9727,49.6367,49.6855,12401117
NKE,2016-10-27,50.6022,51.041,50.4071,51.041,7939188
NKE,2016-10-28,50.7289,51.197,50.5046,50.8264,9096719
NKE,2016-10-31,48.9346,49.8805,48.7591,49.6172,17931262
NKE,2016-11-01,48.3885,49.2564,47.9204,49.2467,14100431
NKE,2016-11-02,48.486,49.0224,47.7936,48.0179,10775938
NKE,2016-11-03,48.4958,48.7591,48.0862,48.7396,7678690
NKE,2016-11-04,48.7201,49.1979,48.525,48.564,9925196
NKE,2016-11-07,49.6465,49.666,49.0321,49.2271,8358692
NKE,2016-11-08,49.8123,50.2121,49.6884,49.8318,8111362
NKE,2016-11-09,49.8513,49.9975,48.564,48.8273,9058575
NKE,2016-11-10,49.1394,50.0951,49.0809,50.017,12316075
NKE,2016-11-11,49.51,49.588,48.9346,48.9736,6300607
NKE,2016-11-14,48.9639,49.9195,48.9639,49.9098,8063943
NKE,2016-11-15,48.8858,49.3832,48.5153,49.2076,9299754
NKE,2016-11-16,49.4222,49.5392,48.7103,48.7591,6760291
NKE,2016-11-17,50.3096,50.3901,49.4612,49.6757,7671568
NKE,2016-11-18,49.8318,50.6022,49.6952,50.1146,7461602
NKE,2016-11-21,50.0073,50.1438,49.6881,49.7342,5357204
NKE,2016-11-22,50.4266,50.4656,49.783,50.1926,5228142
NKE,2016-11-23,50.0658,50.5631,49.9293,50.4266,4148968
NKE,2016-11-25,50.2413,50.4559,50.0756,50.3974,2736767
NKE,2016-11-28,49.744,50.1633,49.3539,50.1633,8602118
NKE,2016-11-29,49.3734,50.0951,49.3149,49.9293,6065682
NKE,2016-11-30,48.8273,49.549,48.8273,49.2662,8198418
NKE,2016-12-01,49.5711,50.1584,48.9937,49.0426,7610063
NKE,2016-12-02,49.3852,49.6005,49.0377,49.1894,6933279
NKE,2016-12-05,50.7456,51.1566,49.6201,49.7179,12031170
NKE,2016-12-06,49.4928,50.0116,49.1894,49.7473,12496332
NKE,2016-12-07,50.9903,51.1371,49.5191,49.7082,10412638
NKE,2016-12-08,50.452,51.3524,50.3541,51.0392,9260850
NKE,2016-12-09,50.6183,50.8629,50.403,50.6575,5869828
NKE,2016-12-12,50.4422,50.7945,49.855,50.403,11459410
NKE,2016-12-13,51.186,52.0815,50.726,50.726,11442327
NKE,2016-12-14,50.6869,51.2251,50.4911,51.1273,8012783
NKE,2016-12-15,50.1975,50.9315,50.0018,50.8924,9567532
NKE,2016-12-16,49.8354,50.5401,49.5907,50.5009,13984850
NKE,2016-12-19,49.7669,50.266,49.4048,49.8256,9451738
NKE,2016-12-20,50.6869,50.8826,49.669,49.9724,15984083
NKE,2016-12-21,51.186,52.2136,50.452,51.7732,23236380
NKE,2016-12-22,51.0294,51.8711,50.9173,51.6753,11798871
NKE,2016-12-23,50.8043,51.2349,50.5694,50.8826,9360816
NKE,2016-12-27,50.1975,51.1371,50.1094,50.6966,8175000
NKE,2016-12-28,49.9333,50.403,49.7865,50.2171,6318040
NKE,2016-12-29,49.9724,50.1486,49.7962,49.9137,4680840
NKE,2016-12-30,49.7473,50.2367,49.6201,50.0116,7384258
NKE,2017-01-03,50.8728,51.3817,50.6673,50.8826,13295607
NKE,2017-01-04,51.9396,52.2087,50.9805,51.1175,13759473
NKE,2017-01-05,51.9298,51.969,51.323,51.7928,8682193
NKE,2017-01-06,52.7617,52.9379,51.8515,51.9592,12532449
NKE,2017-01-09,52.243,52.84,52.0815,52.8106,8835265
NKE,2017-01-10,51.9787,52.5856,51.9787,52.4094,8041852
NKE,2017-01-11,51.5677,52.1549,51.5432,51.9885,8208307
NKE,2017-01-12,51.2839,51.5677,51.049,51.3915,7368654
NKE,2017-01-13,51.7928,51.8026,51.1175,51.4698,6694367
NKE,2017-01-17,52.5072,52.8008,51.8809,52.2626,9888451
NKE,2017-01-18,52.1353,52.7421,51.7341,52.7128,6743094
NKE,2017-01-19,51.8026,52.7911,51.7634,52.6932,8320612
NKE,2017-01-20,52.0668,52.2156,51.7732,52.0864,7861047
NKE,2017-01-23,52.106,52.1255,51.6016,51.8907,7025715
NKE,2017-01-24,52.3115,52.4289,51.8613,51.8907,6321310
NKE,2017-01-25,52.7128,52.9672,52.5464,52.5855,6675011
NKE,2017-01-26,52.5072,52.9672,52.2234,52.9574,6202005
NKE,2017-01-27,52.057,52.9281,51.9004,52.5366,7361878
NKE,2017-01-30,51.9494,52.0864,51.2936,51.6558,9770763
NKE,2017-01-31,51.7732,51.7732,50.5303,50.5792,12342873
NKE,2017-02-01,51.8907,52.1255,51.4894,51.8515,8810937
NKE,2017-02-02,51.6753,51.8809,51.3623,51.8711,7874179
NKE,2017-02-03,51.2447,51.6802,51.1371,51.4992,8850416
NKE,2017-02-06,51.6753,51.6753,50.9413,50.9805,7355182
NKE,2017-02-07,51.6851,52.1451,51.5481,51.9396,6446876
NKE,2017-02-08,52.7323,52.7911,51.5775,51.6166,9281071
NKE,2017-02-09,54.1319,54.5136,52.7813,52.7813,14345385
NKE,2017-02-10,55.0225,55.2672,54.4451,54.4451,14973383
NKE,2017-02-13,54.8953,55.1399,54.5625,54.9736,7679800
NKE,2017-02-14,55.2476,55.4825,54.6408,54.7289,8891430
NKE,2017-02-15,55.4335,55.551,55.0127,55.091,6651971
NKE,2017-02-16,55.091,55.7076,54.9051,55.6684,8374192
NKE,2017-02-17,55.5412,55.5901,54.6702,54.9246,12637964
NKE,2017-02-21,56.1382,56.2263,55.0029,55.1791,10955030
NKE,2017-02-22,56.9995,57.1365,56.1382,56.2557,10914088
NKE,2017-02-23,56.1676,57.1561,56.0501,56.8722,12316307
NKE,2017-02-24,56.6276,57.1756,55.8544,56.1676,9684469
NKE,2017-02-27,56.4612,56.5982,56.1273,56.422,4375653
NKE,2017-02-28,55.9425,56.3242,55.644,56.148,7951315
NKE,2017-03-01,56.7156,56.7939,56.1089,56.6276,8558904
NKE,2017-03-02,56.7451,57.1869,56.5978,56.8433,6438361
NKE,2017-03-03,55.6652,56.5978,55.4786,56.5782,9192475
NKE,2017-03-06,55.7339,55.891,55.4983,55.6652,6896754
NKE,2017-03-07,55.5179,55.9499,54.9976,55.675,7124445
NKE,2017-03-08,55.4786,55.9008,55.2823,55.9008,7604792
NKE,2017-03-09,55.3314,55.6259,55.0663,55.5768,6165660
NKE,2017-03-10,55.4001,55.9499,55.2332,55.459,8882395
NKE,2017-03-13,55.6357,55.7781,55.0859,55.3706,7235882
NKE,2017-03-14,56.2346,56.9513,55.6848,55.8321,9286917
NKE,2017-03-15,56.6076,56.9316,55.7143,56.5782,10067524
NKE,2017-03-16,56.5487,56.6666,55.7928,56.3818,9894955
NKE,2017-03-17,56.7451,56.8285,56.264,56.7156,10791471
NKE,2017-03-20,57.609,57.7367,56.9022,56.9414,13352530
NKE,2017-03-21,56.9513,57.9232,56.6666,57.7072,15269827
NKE,2017-03-22,52.9359,53.9962,52.7788,53.7606,37413372
NKE,2017-03-23,54.3594,54.5362,53.525,53.6133,23848344
NKE,2017-03-24,55.3314,55.6063,54.114,54.2809,14438573
NKE,2017-03-27,54.9092,55.2224,54.5263,54.6245,8663611
NKE,2017-03-28,55.5866,55.7437,54.7718,54.9681,7823943
NKE,2017-03-29,55.6455,56.0579,55.3216,55.3805,7456208
NKE,2017-03-30,55.0172,55.567,54.7914,55.4492,7210468
NKE,2017-03-31,54.7129,55.0074,54.6294,54.9779,5905639
NKE,2017-04-03,54.546,54.7816,54.1435,54.7227,7088838
NKE,2017-04-04,54.0355,54.2907,53.8293,54.1435,8843296
NKE,2017-04-05,53.9766,54.7816,53.5053,53.9667,7722093
NKE,2017-04-06,54.1336,54.919,53.9373,54.0649,6692225
NKE,2017-04-07,54.1042,54.2318,53.7704,54.0944,6078250
NKE,2017-04-10,53.898,54.3202,53.7223,53.9962,5472680
NKE,2017-04-11,53.9177,54.0648,53.5544,53.9471,4348643
NKE,2017-04-12,54.5558,54.6049,53.5053,53.6624,8504108
NKE,2017-04-13,54.33,54.5852,54.2514,54.3987,5282110
NKE,2017-04-17,55.2136,55.3068,54.2416,54.3104,7688742
NKE,2017-04-18,55.0859,55.3903,54.7816,54.9976,5651118
NKE,2017-04-19,54.8405,55.1939,54.7227,55.135,5947674
NKE,2017-04-20,55.3706,55.6553,54.8611,54.9387,6867130
NKE,2017-04-21,54.8307,55.351,54.6638,55.2627,6055624
NKE,2017-04-24,54.4576,55.1841,54.4576,55.1154,10777733
NKE,2017-04-25,54.438,54.7521,54.3987,54.5165,8970970
NKE,2017-04-26,54.1533,54.8209,54.114,54.4478,10936009
NKE,2017-04-27,54.4576,54.5558,53.9078,54.1729,8557987
NKE,2017-04-28,54.3987,54.5165,54.1336,54.4183,6437731
NKE,2017-05-01,53.9864,54.438,53.9766,54.4183,4881442
NKE,2017-05-02,54.0649,54.1533,53.79,54.114,7363616
NKE,2017-05-03,53.5348,54.2907,53.4071,54.1631,9474727
NKE,2017-05-04,53.4759,53.8293,53.2108,53.682,6830395
NKE,2017-05-05,52.9654,53.5053,52.5825,53.417,13379949
NKE,2017-05-08,53.309,53.5151,52.8475,53.1912,8728121
NKE,2017-05-09,53.8882,54.0747,53.1715,53.3384,6441208
NKE,2017-05-10,53.5642,54.0551,53.5151,53.9078,5823023
NKE,2017-05-11,53.2501,53.525,52.4254,53.525,6499597
NKE,2017-05-12,53.2108,53.3973,52.8083,53.1126,5606253
NKE,2017-05-15,52.7886,53.2108,52.7003,53.1323,8201722
NKE,2017-05-16,51.8167,52.4058,51.1688,51.4142,14562678
NKE,2017-05-17,50.8546,51.9051,50.8546,51.4338,18341473
NKE,2017-05-18,50.7368,51.1295,50.3637,51.0215,22576489
NKE,2017-05-19,50.8251,51.1589,49.8827,50.0692,20047766
NKE,2017-05-22,50.6288,51.0117,50.4619,50.8251,13671543
NKE,2017-05-23,51.2473,51.6645,50.9331,51.0313,11087298
NKE,2017-05-24,51.0608,51.3455,50.7957,51.2964,9404281
NKE,2017-05-25,51.3946,51.6302,51.2571,51.424,7627454
NKE,2017-05-26,51.6302,51.7971,51.2767,51.3946,5921314
NKE,2017-05-30,51.9542,52.0523,51.6793,51.7971,8039561
NKE,2017-05-31,52.0229,52.3075,51.748,52.0523,8938801
NKE,2017-06-01,51.5205,52.5056,51.4318,52.2692,13352101
NKE,2017-06-02,52.1904,52.2199,51.5796,51.9145,18511169
NKE,2017-06-05,52.2199,52.4366,51.9145,52.2101,5748870
NKE,2017-06-06,51.6978,52.3086,51.6485,52.1115,8923047
NKE,2017-06-07,52.4366,52.5647,51.9638,52.0032,7438258
NKE,2017-06-08,52.4071,53.3331,52.3578,52.742,7785615
NKE,2017-06-09,52.6632,52.673,52.013,52.4071,8347402
NKE,2017-06-12,53.2247,53.4414,52.7026,52.7125,9180135
NKE,2017-06-13,53.5005,53.8453,53.0375,53.2247,8720065
NKE,2017-06-14,53.8453,53.8552,53.1459,53.668,6783933
NKE,2017-06-15,52.1115,53.2444,51.9441,53.1951,16041068
NKE,2017-06-16,50.3384,51.0673,50.033,50.9787,25725453
NKE,2017-06-19,51.2447,51.4417,50.6339,50.6536,11265315
NKE,2017-06-20,50.7915,51.353,50.3384,51.2742,10676464
NKE,2017-06-21,51.8062,51.8997,51.1264,51.1264,13021697
NKE,2017-06-22,51.619,51.8357,51.3136,51.816,10660744
NKE,2017-06-23,52.0623,52.1263,50.8999,51.3727,8522404
NKE,2017-06-26,52.4859,52.7716,51.885,52.1608,7966219
NKE,2017-06-27,52.1608,52.4662,51.8554,52.3972,7873136
NKE,2017-06-28,52.5647,52.811,52.1707,52.3775,7527220
NKE,2017-06-29,52.3775,52.8307,52.2002,52.5351,14801866
NKE,2017-06-30,58.1206,58.82,55.6579,55.7564,46552954
NKE,2017-07-03,57.7758,58.1305,57.4606,57.5,9910021
NKE,2017-07-05,56.7021,57.4212,56.6528,57.372,16166954
NKE,2017-07-06,56.3081,56.8597,56.1504,56.5937,9035661
NKE,2017-07-07,57.1158,57.2143,56.18,56.5445,8145436
NKE,2017-07-10,57.8547,57.9335,56.8203,57.0272,8942398
NKE,2017-07-11,57.3128,58.0517,57.1749,57.6675,7222995
NKE,2017-07-12,57.3523,57.8744,57.234,57.4409,7243119
NKE,2017-07-13,57.0764,57.7069,57.0666,57.3523,8108634
NKE,2017-07-14,57.1355,57.3424,56.7809,57.0863,6345279
NKE,2017-07-17,56.9287,57.4803,56.8942,57.1355,6885045
NKE,2017-07-18,56.7907,57.2143,56.6134,56.8794,4922455
NKE,2017-07-19,56.909,57.0124,56.5371,56.7415,4451101
NKE,2017-07-20,58.2191,58.7018,57.9236,58.2388,11915546
NKE,2017-07-21,59.0565,59.1057,58.032,58.1206,11048297
NKE,2017-07-24,58.0714,58.8792,57.8852,58.8003,7498860
NKE,2017-07-25,58.5048,58.6329,58.0418,58.4359,5157123
NKE,2017-07-26,57.4902,58.2487,57.4508,58.2093,5529498
NKE,2017-07-27,57.2833,57.8054,57.1208,57.7266,8259947
NKE,2017-07-28,57.7955,57.8596,57.106,57.2833,5112825
NKE,2017-07-31,58.1699,58.2388,57.4606,57.8349,6225907
NKE,2017-08-01,58.9481,59.0466,58.0221,58.1206,9051700
NKE,2017-08-02,58.8989,59.0565,58.3866,58.6624,4468121
NKE,2017-08-03,59.2436,59.6278,58.7511,58.9087,5677172
NKE,2017-08-04,58.8693,59.4407,58.7412,59.2732,4105953
NKE,2017-08-07,58.8989,59.2042,58.82,58.9284,4066712
NKE,2017-08-08,58.5738,59.2239,58.4753,58.9875,5586439
NKE,2017-08-09,59.0072,59.0712,58.3768,58.5344,5310944
NKE,2017-08-10,58.1896,58.8003,58.1797,58.7905,5585115
NKE,2017-08-11,58.0911,58.3866,57.7167,57.8547,4979994
NKE,2017-08-14,58.889,59.1057,58.2487,58.2684,5899971
NKE,2017-08-15,57.6872,58.1305,57.4212,58.0615,8913041
NKE,2017-08-16,57.6675,58.1699,57.3532,58.0221,5489569
NKE,2017-08-17,56.6036,57.8689,56.5642,57.6576,9148637
NKE,2017-08-18,54.131,54.594,53.3626,54.0325,22905183
NKE,2017-08-21,52.811,53.6286,52.3135,53.6286,14289253
NKE,2017-08-22,53.3232,53.599,52.9883,53.1163,8212816
NKE,2017-08-23,52.811,53.274,52.6484,53.1163,6409366
NKE,2017-08-24,53.0375,53.1656,52.6632,53.1262,5461911
NKE,2017-08-25,53.0966,53.3922,52.7395,53.2247,6416622
NKE,2017-08-28,52.9292,53.6187,52.8159,53.2641,5269393
NKE,2017-08-29,51.9441,52.0894,51.289,51.9539,12539931
NKE,2017-08-30,51.7766,52.1707,51.4712,52.013,7434491
NKE,2017-08-31,52.2017,52.3697,51.8656,51.9941,7728916
NKE,2017-09-01,52.7453,52.8343,52.2906,52.3895,5509805
NKE,2017-09-05,52.3994,52.8541,52.2709,52.6366,6689126
NKE,2017-09-06,52.1523,52.7256,52.1028,52.5081,7407562
NKE,2017-09-07,51.7865,52.2412,51.7371,52.1523,6905762
NKE,2017-09-08,51.5987,51.9051,51.5097,51.6481,8563283
NKE,2017-09-11,52.4191,52.518,51.7173,51.7766,8649915
NKE,2017-09-12,52.7849,53.4669,52.686,53.1506,7823691
NKE,2017-09-13,52.9035,53.0221,52.429,52.8343,6085952
NKE,2017-09-14,53.1111,53.2692,52.5081,52.9233,7497401
NKE,2017-09-15,53.2495,53.4373,52.9035,53.2396,10046827
NKE,2017-09-18,52.8837,53.5361,52.7849,53.2495,8166438
NKE,2017-09-19,52.7157,53.4274,51.9051,52.172,14707174
NKE,2017-09-20,52.943,53.0221,52.429,52.8738,7058002
NKE,2017-09-21,52.5773,53.0221,52.4785,52.9332,8065367
NKE,2017-09-22,52.6267,52.9925,52.1918,52.4093,10962392
NKE,2017-09-25,52.6168,52.943,52.3895,52.4686,12262360
NKE,2017-09-26,53.0814,53.3483,52.3697,52.5674,16183717
NKE,2017-09-27,52.0633,52.0831,50.4422,51.569,36202500
NKE,2017-09-28,52.0237,52.4191,51.7272,52.1918,11334704
NKE,2017-09-29,51.2527,52.2116,51.1638,51.9842,12189882
NKE,2017-10-02,51.2725,51.6086,51.0649,51.5592,7516205
NKE,2017-10-03,50.8771,51.4504,50.8079,51.401,8126729
NKE,2017-10-04,51.4801,51.5295,50.8079,50.9167,8204280
NKE,2017-10-05,51.5789,51.7173,51.1786,51.4109,5287422
NKE,2017-10-06,51.8162,51.8557,51.5196,51.5987,5360267
NKE,2017-10-09,50.9265,51.6975,50.9068,51.6284,6875105
NKE,2017-10-10,50.9364,51.2231,50.7783,50.9858,8372726
NKE,2017-10-11,50.4422,50.9265,50.2445,50.798,9109648
NKE,2017-10-12,50.2445,50.5311,49.77,50.3928,10658445
NKE,2017-10-13,50.3928,50.4817,49.8194,50.2445,16227948
NKE,2017-10-16,50.7783,50.8129,50.0567,50.2148,9299326
NKE,2017-10-17,51.401,51.4405,50.7881,50.9068,9492675
NKE,2017-10-18,51.6975,51.7964,51.4999,51.5789,10890257
NKE,2017-10-19,52.0831,52.1918,50.887,51.0649,12568217
NKE,2017-10-20,52.4488,52.8837,52.1819,52.1819,13020916
NKE,2017-10-23,53.0419,53.3285,52.3895,52.4488,12242580
NKE,2017-10-24,52.8047,53.378,52.4883,53.2791,14767595
NKE,2017-10-25,54.3072,55.2611,52.0633,52.6762,24804028
NKE,2017-10-26,56.1556,56.5905,54.5048,54.6235,22185144
NKE,2017-10-27,55.3154,55.7108,55.009,55.177,12801783
NKE,2017-10-30,54.6333,55.2857,54.2083,55.0683,10169401
NKE,2017-10-31,54.3566,54.6432,53.892,54.1193,9794845
NKE,2017-11-01,54.4356,54.8607,54.2182,54.7816,7544505
NKE,2017-11-02,54.4851,54.6828,53.9612,54.5147,7250343
NKE,2017-11-03,55.0683,55.0782,54.406,54.5147,9448203
NKE,2017-11-06,55.3945,55.4834,54.5048,54.6531,9332236
NKE,2017-11-07,54.5147,55.3698,54.3862,55.1078,7774698
NKE,2017-11-08,55.1177,55.1276,54.2577,54.3665,7079371
NKE,2017-11-09,55.4834,55.7009,54.6729,54.8607,10940531
NKE,2017-11-10,55.4439,55.8393,54.9793,55.2363,7535726
NKE,2017-11-13,55.266,55.439,55.0188,55.0188,10106079
NKE,2017-11-14,55.3352,55.5329,54.8903,55.0683,5037465
NKE,2017-11-15,55.9777,56.2149,54.4455,55.3154,6610545
NKE,2017-11-16,56.5708,56.6177,55.7602,55.9678,8233261
NKE,2017-11-17,58.5082,58.8443,57.6976,57.8657,15475465
NKE,2017-11-20,58.5675,58.8146,57.3121,57.9546,8480580
NKE,2017-11-21,58.7059,58.7158,58.2512,58.35,9057784
NKE,2017-11-22,58.3896,58.6565,58.2611,58.4983,8501289
NKE,2017-11-24,58.6367,58.6663,58.2314,58.3204,3400441
NKE,2017-11-27,58.9431,59.0123,58.4884,58.5181,7891587
NKE,2017-11-28,58.8937,58.9135,57.8657,58.0831,8665270
NKE,2017-11-29,59.6647,59.9316,59.042,59.042,12022818
NKE,2017-11-30,59.724,60.5049,59.5065,59.5659,12551210
NKE,2017-12-01,59.3868,59.9323,58.7521,59.9224,10113675
NKE,2017-12-04,59.605,60.1951,59.4761,59.7736,7513232
NKE,2017-12-05,59.9224,60.2992,59.1587,60.1505,8862852
NKE,2017-12-06,59.2281,60.3488,59.2083,59.9124,7862151
NKE,2017-12-07,60.1009,60.5571,59.1587,59.367,6113277
NKE,2017-12-08,60.7951,60.8645,59.7934,60.0017,6065231
NKE,2017-12-11,61.4001,61.7075,60.7951,60.8645,9017814
NKE,2017-12-12,61.6579,62.015,61.1422,61.3009,7358001
NKE,2017-12-13,63.7704,63.9291,61.5092,61.7075,16072573
NKE,2017-12-14,63.9985,64.3159,63.5225,63.9043,13055089
NKE,2017-12-15,64.2564,64.5341,63.6216,64.3952,15659278
NKE,2017-12-18,64.2762,64.544,63.8597,64.4547,12651962
NKE,2017-12-19,63.7109,64.6481,63.6514,64.5539,8212457
NKE,2017-12-20,63.0663,63.9688,63.0563,63.8696,12468576
NKE,2017-12-21,64.2365,64.4448,62.7786,63.8002,14352349
NKE,2017-12-22,62.7687,63.0167,59.6347,60.7059,20414195
NKE,2017-12-26,63.1258,63.3638,62.2927,62.3819,4563475
NKE,2017-12-27,62.4315,63.0762,62.253,63.0365,8959745
NKE,2017-12-28,62.4315,62.7985,62.3323,62.4811,3987151
NKE,2017-12-29,62.0348,62.8481,62.0348,62.6894,5222115
NKE,2018-01-02,62.9671,62.9671,62.3323,62.3323,6510987
NKE,2018-01-03,62.9572,63.1357,62.2431,62.9572,6091121
NKE,2018-01-04,62.9175,63.0266,62.0348,62.8778,5780494
NKE,2018-01-05,63.453,63.7704,62.9473,63.1753,11632315
NKE,2018-01-08,64.0183,64.177,63.453,63.6216,11905699
NKE,2018-01-09,63.5621,64.1869,62.9472,63.701,8771331
NKE,2018-01-10,63.6911,63.701,62.9125,63.3539,5010633
NKE,2018-01-11,63.7605,63.7803,63.2547,63.5026,5103540
NKE,2018-01-12,64.1374,64.1919,63.7853,63.9688,5135670
NKE,2018-01-16,62.8976,64.8217,62.8481,64.2464,9116973
NKE,2018-01-17,63.2844,63.4828,62.5605,63.1456,7422594
NKE,2018-01-18,63.582,63.6811,63.0167,63.4729,5656889
NKE,2018-01-19,66.6564,66.6862,64.5836,64.7721,12896073
NKE,2018-01-22,65.8432,66.2796,65.2184,66.0019,8491799
NKE,2018-01-23,66.587,66.7705,65.8977,65.982,6411954
NKE,2018-01-24,67.4399,67.6184,66.5176,66.7854,7421781
NKE,2018-01-25,67.1523,68.0747,66.8945,67.5689,5707632
NKE,2018-01-26,67.4796,68.0747,67.3606,67.6383,6290517
NKE,2018-01-29,67.0234,67.5788,66.8647,67.2614,5067258
NKE,2018-01-30,66.7754,67.7474,66.6068,66.944,6350474
NKE,2018-01-31,67.6581,68.2631,66.9143,66.944,11036394
NKE,2018-02-01,67.0928,67.4102,66.1506,67.1126,5790528
NKE,2018-02-02,66.6664,67.2317,66.4482,66.6664,9348290
NKE,2018-02-05,63.8597,66.6564,63.8597,66.0812,12549483
NKE,2018-02-06,64.6828,64.8812,61.5786,61.9654,13356668
NKE,2018-02-07,65.0894,66.2905,64.5638,64.6134,8845725
NKE,2018-02-08,61.9753,65.1688,61.9456,64.9903,14121779
NKE,2018-02-09,64.9506,65.506,62.3224,63.2348,13733337
NKE,2018-02-12,65.4366,66.2647,65.139,65.3969,9792198
NKE,2018-02-13,65.3275,65.6845,64.8911,65.3076,9538388
NKE,2018-02-14,67.4003,67.4697,65.0101,65.1787,8662595
NKE,2018-02-15,67.7275,68.1937,66.6961,67.8267,7390194
NKE,2018-02-16,67.7375,68.4317,67.1821,67.3408,6842134
NKE,2018-02-20,66.9341,67.4102,66.4978,67.0829,4859103
NKE,2018-02-21,66.4978,67.4598,66.4779,67.1027,5107918
NKE,2018-02-22,66.5771,66.9242,66.1903,66.6961,6515829
NKE,2018-02-23,67.5986,67.5986,66.2994,66.835,4428501
NKE,2018-02-26,69.0763,69.235,67.7771,67.8267,6499473
NKE,2018-02-27,67.4697,69.6714,67.4697,69.4235,6843056
NKE,2018-02-28,66.4779,67.7375,66.4581,67.5391,6091771
NKE,2018-03-01,65.7738,67.1126,65.1291,66.6862,7323859
NKE,2018-03-02,65.545,65.7439,63.8738,64.5701,8380732
NKE,2018-03-05,64.7094,65.1471,64.0031,65.1371,8838383
NKE,2018-03-06,64.8984,65.0178,64.2916,64.8685,6550145
NKE,2018-03-07,63.834,64.4507,63.5555,64.1722,6457572
NKE,2018-03-08,64.7691,64.9083,64.1424,64.222,5573005
NKE,2018-03-09,65.9528,66.1617,65.0178,65.167,5838391
NKE,2018-03-12,66.4701,67.256,65.9727,66.301,7522727
NKE,2018-03-13,65.8235,67.3356,65.7837,66.9476,5167304
NKE,2018-03-14,65.8534,66.5497,65.3261,66.301,6463809
NKE,2018-03-15,66.0424,66.2562,65.7837,66.1418,5260823
NKE,2018-03-16,65.5649,66.3408,65.5649,65.9628,12860940
NKE,2018-03-19,65.3659,65.9926,64.8487,65.356,7255627
NKE,2018-03-20,66.4502,66.5199,65.5848,65.5947,6906163
NKE,2018-03-21,66.0026,66.8581,65.9628,66.3806,5805245
NKE,2018-03-22,64.0827,65.8036,63.8937,65.2565,12313298
NKE,2018-03-23,64.2916,66.868,64.1225,66.3507,17343849
NKE,2018-03-26,65.5549,65.7141,64.6497,64.7392,10795962
NKE,2018-03-27,65.8235,67.2858,65.0874,65.545,9452475
NKE,2018-03-28,65.0973,66.7984,64.9282,66.2413,7208406
NKE,2018-03-29,66.0921,66.2015,65.2665,65.356,10748306
NKE,2018-04-02,63.7843,65.7042,62.879,65.6246,12383944
NKE,2018-04-03,66.3507,66.3806,64.023,64.1324,8766360
NKE,2018-04-04,68.0617,68.1413,65.5848,65.6246,10275849
NKE,2018-04-05,69.2256,69.4146,68.0319,68.1413,9093342
NKE,2018-04-06,67.1963,68.9471,66.5795,68.1513,9719265
NKE,2018-04-09,66.8282,68.1911,66.7984,68.0319,6504476
NKE,2018-04-10,66.6492,67.5246,66.1418,67.4549,10382253
NKE,2018-04-11,66.4801,66.8473,66.1717,66.2314,5185480
NKE,2018-04-12,67.4151,67.6439,66.7188,66.7188,5145278
NKE,2018-04-13,66.8979,67.9722,66.6293,67.7633,4300162
NKE,2018-04-16,66.7089,67.624,66.7089,67.4549,6484389
NKE,2018-04-17,67.1565,67.3158,66.9277,67.0172,5605704
NKE,2018-04-18,65.8534,67.3853,65.8136,67.1764,7384010
NKE,2018-04-19,65.3858,65.9528,64.6497,65.6843,8274341
NKE,2018-04-20,65.7439,65.7638,65.1073,65.4057,10402847
NKE,2018-04-23,66.5298,66.679,65.6047,65.6544,6338381
NKE,2018-04-24,66.6193,67.1565,66.3706,66.9576,8176123
NKE,2018-04-25,66.3209,66.6492,65.9031,66.49,5188861
NKE,2018-04-26,67.6937,67.9316,66.2911,66.4303,5355206
NKE,2018-04-27,69.1958,69.6335,68.0916,68.1115,7814866
NKE,2018-04-30,68.0319,69.4445,68.0319,69.2157,6484108
NKE,2018-05-01,67.7434,67.8528,66.679,67.624,4957762
NKE,2018-05-02,67.9026,68.201,67.1267,67.6837,5752058
NKE,2018-05-03,66.5497,67.4947,66.2911,67.445,6155894
NKE,2018-05-04,67.7434,67.9672,66.4502,66.49,5132935
NKE,2018-05-07,68.9769,69.0515,67.7036,67.7036,5041336
NKE,2018-05-08,68.1015,68.8675,67.8429,68.8377,6534907
NKE,2018-05-09,67.5942,68.1115,66.6542,68.0617,7956262
NKE,2018-05-10,67.5644,67.9125,66.9725,67.7832,4965160
NKE,2018-05-11,68.0717,68.1712,67.5544,67.6738,4145059
NKE,2018-05-14,68.4795,68.5243,67.7534,68.2408,3453756
NKE,2018-05-15,69.1361,69.156,67.8727,67.9523,5044970
NKE,2018-05-16,70.9665,71.1356,69.2555,69.3052,9692996
NKE,2018-05-17,70.5685,71.2251,70.4492,71.0261,6064739
NKE,2018-05-18,70.9466,71.2151,70.101,70.3895,5688145
NKE,2018-05-21,71.0062,71.3246,70.3398,71.1057,5480698
NKE,2018-05-22,70.9366,71.812,70.8819,71.0858,5675253
NKE,2018-05-23,70.9665,71.5384,70.4591,70.5785,6806372
NKE,2018-05-24,71.8021,71.9015,70.9466,71.056,5613752
NKE,2018-05-25,71.8717,73.1052,71.2549,72.7172,5889721
NKE,2018-05-29,70.5487,71.235,70.0612,71.1455,5857914
NKE,2018-05-30,71.8518,71.9115,70.5685,71.0858,5799859
NKE,2018-05-31,71.424,71.8418,70.862,71.623,7856161
NKE,2018-06-01,72.5812,72.7708,71.9428,71.9428,4085865
NKE,2018-06-04,73.6486,73.6885,72.6112,72.8206,4581921
NKE,2018-06-05,73.8681,74.0376,72.9603,73.4291,4928658
NKE,2018-06-06,74.5663,74.7559,74.0077,74.1972,5318054
NKE,2018-06-07,74.5763,75.7236,74.4666,74.7658,6846263
NKE,2018-06-08,74.716,74.8856,74.1174,74.5963,5524855
NKE,2018-06-11,74.4067,75.0252,74.3569,74.8756,4902812
NKE,2018-06-12,74.1075,74.4267,73.883,74.2371,4356496
NKE,2018-06-13,73.9279,74.716,73.8082,74.0875,4696163
NKE,2018-06-14,74.5165,74.9654,74.1673,74.4167,4636044
NKE,2018-06-15,75.6537,75.6636,74.317,74.5264,10977292
NKE,2018-06-18,75.4242,75.5767,74.7259,75.095,4515944
NKE,2018-06-19,74.0775,74.7359,73.469,74.317,7562169
NKE,2018-06-20,74.5364,74.7259,73.7883,74.0177,4424934
NKE,2018-06-21,73.7583,74.6062,73.3693,73.5189,5537865
NKE,2018-06-22,73.2496,74.2272,73.0301,73.3892,9600031
NKE,2018-06-25,72.1722,73.1798,71.853,73.1399,9064121
NKE,2018-06-26,72.3817,73.1099,72.1722,72.3219,7072565
NKE,2018-06-27,71.1747,72.7708,70.9752,72.5513,7623523
NKE,2018-06-28,71.5238,71.9428,71.1747,71.2744,9118538
NKE,2018-06-29,79.4842,80.801,78.1675,78.5665,31423522
NKE,2018-07-02,78.1575,79.2847,76.8308,78.3869,11867331
NKE,2018-07-03,76.0926,77.6986,75.913,77.2198,5794853
NKE,2018-07-05,76.3619,77.2298,75.9529,76.4317,6534450
NKE,2018-07-06,76.2921,76.8906,75.8831,76.2921,5937030
NKE,2018-07-09,77.0901,77.1899,76.1574,76.6512,4871412
NKE,2018-07-10,77.3794,77.8981,76.9704,77.2497,6281841
NKE,2018-07-11,77.1699,77.4492,76.6412,76.9405,3656632
NKE,2018-07-12,77.1799,77.9879,77.0402,77.7485,4879171
NKE,2018-07-13,77.1899,77.4193,76.9505,77.0103,2963133
NKE,2018-07-16,77.559,77.9031,77.1101,77.1699,4755149
NKE,2018-07-17,77.2797,77.8283,77.2098,77.3196,4355423
NKE,2018-07-18,76.4018,77.4293,76.1325,77.2398,6101602
NKE,2018-07-19,76.7609,76.9654,75.6138,75.7434,4875062
NKE,2018-07-20,76.7709,76.8906,75.9729,76.1225,5252156
NKE,2018-07-23,76.4018,76.7609,75.9429,76.5215,4198227
NKE,2018-07-24,75.3444,76.9006,75.2497,76.6612,6054007
NKE,2018-07-25,76.9704,76.9904,74.8756,75.0551,5614256
NKE,2018-07-26,77.958,78.2473,76.6313,76.8108,6706302
NKE,2018-07-27,76.7011,78.2173,76.6013,77.9779,6132297
NKE,2018-07-30,75.7734,76.7709,75.2447,76.6911,7275433
NKE,2018-07-31,76.721,77.3994,75.9729,76.2522,8265586
NKE,2018-08-01,77.3495,77.8682,76.312,76.312,6878480
NKE,2018-08-02,78.4568,78.8757,77.2098,77.5789,5313775
NKE,2018-08-03,78.5465,78.7859,78.2473,78.5366,3762061
NKE,2018-08-06,79.3146,79.3845,78.2373,78.5465,4280607
NKE,2018-08-07,80.3321,80.4319,79.0752,79.5341,5418866
NKE,2018-08-08,80.3022,80.8808,79.8433,80.0129,5327095
NKE,2018-08-09,81.0603,81.6788,80.2124,80.2922,4558513
NKE,2018-08-10,80.5316,81.0853,80.0927,80.6214,5036698
NKE,2018-08-13,79.9531,80.9456,79.8134,80.6214,4101202
NKE,2018-08-14,79.9431,80.6464,79.4842,80.1326,6079747
NKE,2018-08-15,79.3745,79.6638,78.9256,79.3745,5057181
NKE,2018-08-16,79.8533,80.4119,79.6039,79.7037,5475778
NKE,2018-08-17,79.5541,80.2377,79.4842,79.8433,9001373
NKE,2018-08-20,81.9781,82.2175,80.7511,81.3197,9345180
NKE,2018-08-21,82.7462,82.8709,81.8185,82.1078,6337324
NKE,2018-08-22,82.437,83.4744,82.0778,82.8958,4308340
NKE,2018-08-23,82.7063,83.3647,82.1377,82.2275,4156852
NKE,2018-08-24,82.2474,82.6757,81.8983,82.2175,3453010
NKE,2018-08-27,82.4469,83.245,82.028,82.836,4012426
NKE,2018-08-28,82.3771,83.4245,82.2773,83.0255,3788911
NKE,2018-08-29,82.5866,82.8958,82.018,82.2175,5712433
NKE,2018-08-30,81.2,82.5567,80.811,82.3771,7122291
NKE,2018-08-31,82.2,82.25,81.25,81.25,5177091
NKE,2018-09-04,79.6,80.97,79,79.39,18565837
NKE,2018-09-05,79.92,80.32,79.301,79.6475,12269138
NKE,2018-09-06,80.4,80.84,79.77,80.17,8577029
NKE,2018-09-07,80.3,81.16,80.01,80.01,6633912
NKE,2018-09-10,82.1,82.44,81.22,81.39,6965201
NKE,2018-09-11,82.63,83.58,82.55,83.2,7166847
NKE,2018-09-12,83,83.04,82.04,82.7,5384257
NKE,2018-09-13,83.47,83.9,83.12,83.21,5382087
NKE,2018-09-14,83.49,83.84,83.06,83.58,4884358
NKE,2018-09-17,83.26,83.93,82.94,83.49,4861055
NKE,2018-09-18,85.26,85.35,83.24,83.24,7277700
NKE,2018-09-19,84.43,85.85,84.115,85.69,8053129
NKE,2018-09-20,85.37,85.87,84.93,85.09,6620253
NKE,2018-09-21,85.55,86.04,85.01,86,13852693
NKE,2018-09-24,84.27,85.26,84.25,85.16,8770355
NKE,2018-09-25,84.79,85.1,84.07,84.86,10519535
NKE,2018-09-26,83.7,84.73,81.95,82.61,16357066
NKE,2018-09-27,84.54,84.915,83.73,83.77,6080564
NKE,2018-09-28,84.72,85.27,84.25,84.29,7452735
NKE,2018-10-01,84.46,85.85,84.37,85.1,7876367
NKE,2018-10-02,82.77,84.55,82.5,84.34,8446923
NKE,2018-10-03,82.5,82.96,81.75,81.93,10046664
NKE,2018-10-04,80.18,82.48,80.02,82.34,9161142
NKE,2018-10-05,80.12,80.99,79.43,80.09,7019108
