symbol,begins_at,close_price,high_price,low_price,open_price,volume
AAPL,2013-10-07,63.7997,64.4407,63.4858,63.6441,77919884
AAPL,2013-10-08,62.9089,64.1777,62.8566,64.0862,72418815
AAPL,2013-10-09,63.6477,63.805,62.561,63.3929,75311488
AAPL,2013-10-10,64.0467,64.4053,63.7068,64.2667,69650490
AAPL,2013-10-11,64.4619,64.5963,63.4609,63.7003,66934938
AAPL,2013-10-14,64.8841,65.0855,64.009,64.0718,65474542
AAPL,2013-10-15,65.2294,65.6637,64.8161,65.0757,80018603
AAPL,2013-10-16,65.5478,65.733,65.3014,65.5054,62775013
AAPL,2013-10-17,65.9907,66.0273,65.3602,65.3995,63398335
AAPL,2013-10-18,66.5649,66.6133,66.149,66.1856,72635570
AAPL,2013-10-21,68.1963,68.5806,66.9089,66.9416,99526945
AAPL,2013-10-22,68.0008,69.1234,66.4524,68.856,133515753
AAPL,2013-10-23,68.6669,68.7598,67.8873,67.8873,78431122
AAPL,2013-10-24,69.576,69.6493,68.3386,68.6722,96191095
AAPL,2013-10-25,68.7975,69.7487,68.6866,69.4982,84448133
AAPL,2013-10-28,69.31,69.457,68.438,69.2006,137610123
AAPL,2013-10-29,67.5836,70.5361,67.304,70.1463,158952115
AAPL,2013-10-30,68.6586,69.0018,67.6284,67.9671,88540697
AAPL,2013-10-31,68.3716,68.9979,68.1843,68.6722,68923785
AAPL,2013-11-01,68.0221,68.646,67.474,68.544,68722304
AAPL,2013-11-04,68.9011,68.9102,67.8625,68.162,61157033
AAPL,2013-11-05,68.7309,69.1804,68.4106,68.6172,66368071
AAPL,2013-11-06,68.5363,69.0547,68.1785,68.9613,55844152
AAPL,2013-11-07,67.4275,68.835,67.4128,68.36,65655100
AAPL,2013-11-08,68.489,68.564,67.4404,67.7022,69829543
AAPL,2013-11-11,68.2901,68.635,67.6798,68.414,56863303
AAPL,2013-11-12,68.4166,68.9311,68.0206,68.1088,51114651
AAPL,2013-11-13,68.4987,68.7113,68.0153,68.1522,49304927
AAPL,2013-11-14,69.4889,69.6363,68.6613,68.785,70605087
AAPL,2013-11-15,69.072,69.6113,69.006,69.281,79479764
AAPL,2013-11-18,68.2349,69.3613,68.1785,69.0718,61236224
AAPL,2013-11-19,68.3561,68.86,68.1482,68.2877,52234707
AAPL,2013-11-20,67.7575,68.4706,67.6693,68.314,48545798
AAPL,2013-11-21,68.5648,68.5745,67.5825,68.0995,65506861
AAPL,2013-11-22,68.389,68.6995,68.2219,68.3522,55931232
AAPL,2013-11-25,68.9074,69.1876,68.5469,68.5495,57348403
AAPL,2013-11-26,70.1783,70.5388,68.9416,68.9574,100345728
AAPL,2013-11-27,71.8308,71.8361,70.1783,70.5612,90861841
AAPL,2013-11-29,73.161,73.4583,72.0742,72.2939,79532215
AAPL,2013-12-02,72.5242,74.2477,72.4702,73.4149,118135885
AAPL,2013-12-03,74.5098,74.5174,73.3728,73.4544,112741734
AAPL,2013-12-04,74.3359,74.8871,73.7859,74.4016,94452666
AAPL,2013-12-05,74.7175,75.6694,74.5214,75.3424,111895315
AAPL,2013-12-06,73.6807,74.5661,73.6214,74.4398,86088352
AAPL,2013-12-09,74.524,74.9384,73.7964,73.7964,80123533
AAPL,2013-12-10,74.4082,74.7148,73.8359,74.149,69567610
AAPL,2013-12-11,73.857,75.1213,73.6372,74.599,89929693
AAPL,2013-12-12,73.7491,74.3806,73.682,73.9598,65572318
AAPL,2013-12-13,72.9452,74.0569,72.8452,74.053,83205283
AAPL,2013-12-16,73.3491,74.0252,73.0215,73.0228,70648452
AAPL,2013-12-17,73.0189,73.6043,72.8064,73.1268,57475649
AAPL,2013-12-18,72.4637,72.5531,70.8888,72.3229,141465807
AAPL,2013-12-19,71.6335,72.3623,71.5374,72.2966,80239369
AAPL,2013-12-20,72.2334,72.5742,71.6805,71.7611,109103435
AAPL,2013-12-23,75.0055,75.0884,74.0411,74.7306,125326831
AAPL,2013-12-24,74.6871,75.241,74.4714,74.9792,41888735
AAPL,2013-12-26,74.1911,74.9279,74.1222,74.7437,51002035
AAPL,2013-12-27,73.6899,74.2582,73.6122,74.1806,56471317
AAPL,2013-12-30,72.957,73.6899,72.6677,73.3438,63407722
AAPL,2013-12-31,73.8122,73.8464,72.8886,72.911,55819372
AAPL,2014-01-02,72.7741,73.2873,72.6282,73.1096,58791957
AAPL,2014-01-03,71.1756,72.8491,71.1032,72.7386,98303870
AAPL,2014-01-06,71.5637,71.9413,70.2046,70.7112,103359151
AAPL,2014-01-07,71.0516,71.8308,70.7737,71.615,79432766
AAPL,2014-01-08,71.5019,71.7782,70.8743,70.8901,64686685
AAPL,2014-01-09,70.5887,71.9492,70.4349,71.9413,69905199
AAPL,2014-01-10,70.1178,71.1519,69.877,71.0243,76320664
AAPL,2014-01-13,70.4849,71.3756,69.7152,69.7191,94860843
AAPL,2014-01-14,71.8874,71.9321,70.7388,70.8125,83734371
AAPL,2014-01-15,73.3307,73.7043,72.5807,72.8255,98472619
AAPL,2014-01-16,72.9215,73.2636,72.5834,73.007,57471330
AAPL,2014-01-17,71.1348,72.6347,71.0335,72.5571,108426689
AAPL,2014-01-21,72.24,72.3715,71.1019,71.1769,82255544
AAPL,2014-01-22,72.561,73.3215,72.0742,72.4827,95219334
AAPL,2014-01-23,73.1754,73.2175,71.679,72.3544,100978346
AAPL,2014-01-24,71.8453,73.1018,71.6716,72.8886,108384437
AAPL,2014-01-27,72.4281,72.9939,71.8032,72.3715,144219152
AAPL,2014-01-28,66.6391,67.7575,66.0563,66.9365,266833581
AAPL,2014-01-29,65.8826,66.7536,65.6024,66.3036,125942796
AAPL,2014-01-30,65.7553,66.6391,65.3498,66.1181,169762789
AAPL,2014-01-31,65.8629,65.9852,64.9353,65.1498,116336444
AAPL,2014-02-03,65.9852,66.801,65.6918,66.1273,100620772
AAPL,2014-02-04,66.9404,67.0286,66.1471,66.5536,94273543
AAPL,2014-02-05,67.4404,67.7943,66.6065,66.647,82322156
AAPL,2014-02-06,67.8335,67.9645,67.2114,67.5092,64497223
AAPL,2014-02-07,68.7825,69.2126,68.478,69.0075,93638601
AAPL,2014-02-10,70.0147,70.4118,68.5601,68.6475,86451022
AAPL,2014-02-11,70.9372,71.1741,70.0822,70.2291,70672252
AAPL,2014-02-12,70.9319,71.4137,70.5772,71.0682,77127064
AAPL,2014-02-13,72.0583,72.1138,70.7043,70.7651,76960156
AAPL,2014-02-14,72,72.2634,71.6321,71.7988,68468036
AAPL,2014-02-18,72.2647,72.953,72.2144,72.2661,65306248
AAPL,2014-02-19,71.1238,72.3838,70.7241,72.1006,78554420
AAPL,2014-02-20,70.3006,71.0749,70.016,70.5441,76529103
AAPL,2014-02-21,69.5197,70.7532,69.4336,70.518,69757247
AAPL,2014-02-24,69.8241,70.1378,69.1451,69.2417,72364950
AAPL,2014-02-25,69.0975,70.0908,68.9572,70.0663,58247350
AAPL,2014-02-26,68.4741,69.4866,68.2425,69.3026,69131286
AAPL,2014-02-27,69.84,69.9869,68.302,68.4463,75557321
AAPL,2014-02-28,69.6507,70.5123,69.1054,70.0266,93074653
AAPL,2014-03-03,69.8519,70.2344,69.1967,69.2775,59667923
AAPL,2014-03-04,70.3125,70.4978,69.8532,70.2807,64884834
AAPL,2014-03-05,70.4607,70.7771,70.0332,70.2701,50065519
AAPL,2014-03-06,70.2476,70.736,69.8969,70.5176,46423111
AAPL,2014-03-07,70.2066,70.4104,69.6256,70.2926,55415241
AAPL,2014-03-10,70.2701,70.5891,69.9285,69.9313,44691430
AAPL,2014-03-11,70.9544,71.3052,70.4912,70.8697,70198849
AAPL,2014-03-12,71.0232,71.1212,70.4131,70.7453,50195460
AAPL,2014-03-13,70.2344,71.4269,70.0372,71.1331,64435609
AAPL,2014-03-14,69.4456,70.2662,69.2219,69.9882,59299492
AAPL,2014-03-17,69.7169,70.1444,69.5991,69.8439,49886074
AAPL,2014-03-18,70.3337,70.4091,69.5131,69.6057,52411863
AAPL,2014-03-19,70.3151,70.9743,70.016,70.4475,56188958
AAPL,2014-03-20,69.9763,70.5018,69.7976,70.1338,52099537
AAPL,2014-03-21,70.5282,70.6447,69.6626,70.4038,93612169
AAPL,2014-03-24,71.3647,71.5381,70.8181,71.2628,88924871
AAPL,2014-03-25,72.1324,72.233,71.4177,71.6705,70573356
AAPL,2014-03-26,71.4428,72.6631,71.321,72.3349,74942224
AAPL,2014-03-27,71.1357,71.6705,70.826,71.4739,55507676
AAPL,2014-03-28,71.0563,71.3316,70.7109,71.2496,50141063
AAPL,2014-03-31,71.0404,71.5791,70.9332,71.37,42167188
AAPL,2014-04-01,71.6903,71.7194,71.0444,71.1754,50189685
AAPL,2014-04-02,71.8094,71.9325,71.5063,71.7869,44792195
AAPL,2014-04-03,71.3118,71.8028,71.1596,71.6559,40648111
AAPL,2014-04-04,70.3893,71.4719,70.2251,71.4468,68812485
AAPL,2014-04-07,69.2841,70.2675,69.075,69.8863,72462530
AAPL,2014-04-08,69.2801,69.6348,68.6528,69.5117,60971883
AAPL,2014-04-09,70.1907,70.2132,69.0922,69.1742,51542722
AAPL,2014-04-10,69.2854,70.4448,69.2444,70.2384,59912818
AAPL,2014-04-11,68.7732,69.1994,68.4463,68.6925,67975012
AAPL,2014-04-14,69.0472,69.1107,68.4555,69.0763,51445177
AAPL,2014-04-15,68.5548,69.0419,67.6773,68.8605,66622577
AAPL,2014-04-16,68.6938,68.9691,68.0486,68.5667,53732994
AAPL,2014-04-17,69.4786,69.8519,68.7189,68.8248,71106721
AAPL,2014-04-21,70.3032,70.4316,69.3489,69.5316,45668931
AAPL,2014-04-22,70.3732,70.39,69.6853,69.9247,50664453
AAPL,2014-04-23,69.4535,70.2979,69.4138,70.024,98735259
AAPL,2014-04-24,75.1474,75.4426,74.2157,75.2057,189978082
AAPL,2014-04-25,75.6994,75.706,74.6432,74.7186,97568814
AAPL,2014-04-28,78.631,78.8507,75.7801,75.8132,167371680
AAPL,2014-04-29,78.3981,78.8812,78.0248,78.5847,84344673
AAPL,2014-04-30,78.1016,79.3378,78.0632,78.4391,114220883
AAPL,2014-05-01,78.2856,78.725,77.6079,78.3544,61052418
AAPL,2014-05-02,78.4312,78.6456,78.0513,78.3994,47878572
AAPL,2014-05-05,79.5403,79.5456,78.0897,78.1082,71766758
AAPL,2014-05-06,78.6734,79.9969,78.6734,79.6515,93641373
AAPL,2014-05-07,78.3981,79.0546,77.7892,78.7846,70715988
AAPL,2014-05-08,77.8854,78.7358,77.6748,77.9199,57574363
AAPL,2014-05-09,77.5612,77.6549,76.8708,77.4284,72899498
AAPL,2014-05-12,78.5265,78.6365,77.8073,77.8192,53324677
AAPL,2014-05-13,78.6497,78.753,78.2444,78.4166,39934594
AAPL,2014-05-14,78.6643,79.1319,78.3821,78.4735,41600846
AAPL,2014-05-15,77.9954,79.0259,77.892,78.7742,57711731
AAPL,2014-05-16,79.1464,79.1491,77.5423,77.9702,69091834
AAPL,2014-05-19,80.0843,80.4472,79.1226,79.1915,79439024
AAPL,2014-05-20,80.1002,80.324,79.573,80.0737,58708986
AAPL,2014-05-21,80.3121,80.3638,79.7491,79.9836,49249914
AAPL,2014-05-22,80.4393,80.781,80.0194,80.3505,50218945
AAPL,2014-05-23,81.3479,81.4273,80.3333,80.4366,58052491
AAPL,2014-05-27,82.8712,82.9017,81.5466,81.5797,87216605
AAPL,2014-05-28,82.6566,83.4276,82.6262,82.9229,78921885
AAPL,2014-05-29,84.1627,84.3601,83.1547,83.1653,94118633
AAPL,2014-05-30,83.8475,85.327,83.3044,84.5071,141005137
AAPL,2014-06-02,83.2713,84.0899,82.4566,83.9746,92337903
AAPL,2014-06-03,84.4488,84.6078,83.2183,83.2461,73231620
AAPL,2014-06-04,85.4131,85.8198,84.2594,84.4356,83870521
AAPL,2014-06-05,85.7483,86.0158,85.1204,85.5959,75951141
AAPL,2014-06-06,85.5125,86.2662,85.3668,86.086,87620911
AAPL,2014-06-09,86.8808,87.0477,85.0727,85.9536,75414804
AAPL,2014-06-10,87.3908,88.1326,86.7603,87.8359,62777042
AAPL,2014-06-11,87.0292,87.8637,86.6676,87.2795,45681114
AAPL,2014-06-12,85.5735,87.2703,85.2118,87.1961,54748791
AAPL,2014-06-13,84.637,85.7125,84.2661,85.49,54525280
AAPL,2014-06-16,85.49,86,84.7946,84.8502,35561270
AAPL,2014-06-17,85.3787,85.9536,85.1191,85.592,29726347
AAPL,2014-06-18,85.4715,85.5735,84.7019,85.5549,33514108
AAPL,2014-06-19,85.1747,85.5827,84.6916,85.5735,35527686
AAPL,2014-06-20,84.2939,85.8145,84.2846,85.1655,100898066
AAPL,2014-06-23,84.2197,84.9522,84.0064,84.674,43694391
AAPL,2014-06-24,83.7097,85.0635,83.6263,84.1455,39036087
AAPL,2014-06-25,83.7839,84.0992,83.1256,83.6448,36868541
AAPL,2014-06-26,84.2846,84.4237,83.2647,83.7932,32629359
AAPL,2014-06-27,85.286,85.3046,84.1641,84.2104,64028803
AAPL,2014-06-30,86.1669,86.904,85.388,85.3973,49589028
AAPL,2014-07-01,86.7139,87.2239,86.3523,86.7139,38223477
AAPL,2014-07-02,86.6768,87.2146,86.3152,87.0338,28465073
AAPL,2014-07-03,87.1868,87.2517,86.4172,86.853,22891753
AAPL,2014-07-07,88.9838,89.0042,87.2517,87.2888,56467939
AAPL,2014-07-08,88.4108,89.7552,87.0848,89.2638,65221678
AAPL,2014-07-09,88.4478,88.9671,87.8637,88.4942,36436440
AAPL,2014-07-10,88.1187,88.5962,86.7139,86.9365,39685552
AAPL,2014-07-11,88.2902,88.9115,87.9587,88.42,34018228
AAPL,2014-07-14,89.4307,89.8387,88.6889,88.8836,42810155
AAPL,2014-07-15,88.3829,89.8016,88.114,89.7552,45696176
AAPL,2014-07-16,87.8822,90.0334,87.8451,89.9129,53502415
AAPL,2014-07-17,86.3151,88.3449,85.8331,88.114,57298243
AAPL,2014-07-18,87.5577,87.8451,86.2503,86.8067,49987593
AAPL,2014-07-21,87.1024,88.0862,86.8994,88.077,39079002
AAPL,2014-07-22,87.8266,87.9842,87.2703,87.7895,55196597
AAPL,2014-07-23,90.1168,90.7566,88.2439,88.4757,92917719
AAPL,2014-07-24,89.9685,90.2374,89.4029,89.9731,45728843
AAPL,2014-07-25,90.5628,90.7195,89.6069,89.8016,43469117
AAPL,2014-07-28,91.8137,92.0177,90.4506,90.701,55317689
AAPL,2014-07-29,91.2202,92.2031,91.0997,92.1011,43143095
AAPL,2014-07-30,91.007,91.517,90.5619,91.2759,33010001
AAPL,2014-07-31,88.6426,90.3579,88.3922,90.089,56842647
AAPL,2014-08-01,89.134,89.5883,87.9101,87.9935,48511286
AAPL,2014-08-04,88.6333,89.5512,88.2439,89.3565,39958144
AAPL,2014-08-05,88.1975,88.7167,87.4928,88.42,55932663
AAPL,2014-08-06,88.0491,88.5313,87.8173,87.8544,38558342
AAPL,2014-08-07,88.0398,89.4096,87.6857,88.4591,46711179
AAPL,2014-08-08,88.2821,88.3566,86.9216,87.8348,41865193
AAPL,2014-08-11,89.4468,89.5307,88.371,88.7759,36584844
AAPL,2014-08-12,89.4282,90.2762,89.0928,89.4934,33795352
AAPL,2014-08-13,90.6116,90.6116,89.4934,89.5959,31866088
AAPL,2014-08-14,90.8539,90.9191,90.2016,90.6955,28115566
AAPL,2014-08-15,91.3012,91.4969,90.2575,91.2267,48951331
AAPL,2014-08-18,92.4008,92.5965,91.3012,91.7764,47572413
AAPL,2014-08-19,93.6774,93.8172,92.5499,92.6337,69399270
AAPL,2014-08-20,93.7147,94.1992,93.1369,93.5935,52699192
AAPL,2014-08-21,93.724,94.0594,93.286,93.7147,33478198
AAPL,2014-08-22,94.4135,94.5533,93.3606,93.4537,44183834
AAPL,2014-08-25,94.6185,95.2056,94.3763,94.8515,40270173
AAPL,2014-08-26,94.0119,94.5813,93.9849,94.5067,33151984
AAPL,2014-08-27,95.1683,95.5783,93.8358,94.134,52369011
AAPL,2014-08-28,95.2801,95.774,94.6372,94.6651,68459801
AAPL,2014-08-29,95.5131,95.8858,95.2335,95.8486,44595247
AAPL,2014-09-02,96.2586,96.6686,95.7181,96.0349,53564262
AAPL,2014-09-03,92.1958,96.1654,91.8603,96.0722,125420521
AAPL,2014-09-04,91.4317,93.2674,91.1242,92.1119,85718221
AAPL,2014-09-05,92.2237,92.6151,91.6087,92.0653,58457035
AAPL,2014-09-08,91.6553,92.5405,91.3664,92.5312,46356742
AAPL,2014-09-09,91.3105,96.0536,89.5866,92.3262,189846255
AAPL,2014-09-10,94.1153,94.2178,91.0962,91.3292,100869587
AAPL,2014-09-11,94.516,94.5254,92.8294,93.5656,62399743
AAPL,2014-09-12,94.7304,95.2242,94.1899,94.311,64096903
AAPL,2014-09-15,94.7024,96.0256,94.5254,95.802,61316516
AAPL,2014-09-16,93.9849,94.3576,92.1492,92.9971,66908133
AAPL,2014-09-17,94.6558,94.8608,93.7353,94.3669,60926498
AAPL,2014-09-18,94.8515,95.3733,94.6372,94.9819,37299435
AAPL,2014-09-19,94.0781,95.3733,94.0035,95.3174,70902406
AAPL,2014-09-22,94.1713,95.1776,93.724,94.8608,52788426
AAPL,2014-09-23,95.6436,95.9231,93.6867,93.7426,63402196
AAPL,2014-09-24,94.8142,95.8392,94.3017,95.1963,60171828
AAPL,2014-09-25,91.1987,93.8451,91.0589,93.6587,100091990
AAPL,2014-09-26,93.8824,93.8824,91.6926,91.8137,62370501
AAPL,2014-09-29,93.286,93.5889,91.9069,91.9255,49766312
AAPL,2014-09-30,93.8824,94.6185,93.6774,93.9383,55264139
AAPL,2014-10-01,92.4194,93.8265,91.9721,93.7333,51491286
AAPL,2014-10-02,93.0903,93.3885,91.3571,92.5033,47757828
AAPL,2014-10-03,92.8294,93.3792,92.2889,92.6617,43469585
AAPL,2014-10-06,92.8294,93.7892,92.643,93.1369,37051182
AAPL,2014-10-07,92.0187,93.2953,92.0001,92.6524,42094183
AAPL,2014-10-08,93.929,94.2178,91.6087,92.028,57404674
AAPL,2014-10-09,94.134,95.4013,93.7519,94.6185,77376525
AAPL,2014-10-10,93.8637,95.0751,93.4631,93.8265,66331592
AAPL,2014-10-13,93.0065,94.8422,93.0065,94.4228,53583368
AAPL,2014-10-14,92.0187,93.6681,91.851,93.5469,63688562
AAPL,2014-10-15,90.8912,92.3914,88.6921,91.2919,100933600
AAPL,2014-10-16,89.6984,91.0589,88.9064,89.0368,72154523
AAPL,2014-10-17,91.0123,92.2517,90.211,90.8539,68179688
AAPL,2014-10-20,92.9599,93.1462,91.5248,91.6134,77517279
AAPL,2014-10-21,95.4851,95.9977,94.3669,95.9977,94623904
AAPL,2014-10-22,95.9697,97.0133,95.6063,95.8299,68263146
AAPL,2014-10-23,97.6843,97.8902,96.5661,96.9854,71074674
AAPL,2014-10-24,98.0477,98.2993,97.4047,98.0104,47053916
AAPL,2014-10-27,97.9452,98.29,97.5631,97.7029,34187701
AAPL,2014-10-28,99.4641,99.4641,98.1688,98.2154,48060949
AAPL,2014-10-29,100.0232,100.0511,99.11,99.3802,52687879
AAPL,2014-10-30,99.6877,100.0325,98.6813,99.6681,40654793
AAPL,2014-10-31,100.6382,100.6755,99.902,100.6475,44639285
AAPL,2014-11-03,101.9428,102.7814,100.6475,100.8432,52282550
AAPL,2014-11-04,101.1973,102.0266,100.3773,101.9055,41574365
AAPL,2014-11-05,101.4396,101.8496,100.7547,101.6632,37435905
AAPL,2014-11-06,101.7296,101.8139,100.8874,101.6361,34968457
AAPL,2014-11-07,102.0198,102.3099,101.5893,101.7764,33691535
AAPL,2014-11-10,101.8513,102.3192,101.7016,102.0291,27195547
AAPL,2014-11-11,102.6655,102.7123,101.4489,101.7296,27442252
AAPL,2014-11-12,104.1161,104.2846,102.3567,102.366,46942431
AAPL,2014-11-13,105.5854,106.175,104.4437,104.6309,59522855
AAPL,2014-11-14,106.8582,106.8676,105.8007,105.8943,44063595
AAPL,2014-11-17,106.6804,109.7595,106.0347,106.9425,46746712
AAPL,2014-11-18,108.0655,108.2714,106.5868,106.6336,44223978
AAPL,2014-11-19,107.3168,108.3182,106.5026,108.0374,41869160
AAPL,2014-11-20,108.8517,109.3664,107.4853,107.5414,43395537
AAPL,2014-11-21,109.0014,110.0309,108.5896,109.9747,57179298
AAPL,2014-11-24,111.0182,111.1539,109.1418,109.357,47450824
AAPL,2014-11-25,110.0589,112.0711,109.9185,111.4347,68840440
AAPL,2014-11-26,111.3692,111.4627,110.2742,110.3771,40831886
AAPL,2014-11-28,111.3036,111.7435,110.4801,111.6218,24814402
AAPL,2014-12-01,107.6912,111.6031,104.1348,111.1913,83814037
AAPL,2014-12-02,107.2794,108.3276,105.5199,106.2218,59348940
AAPL,2014-12-03,108.496,108.8891,107.7286,108.3276,43063440
AAPL,2014-12-04,108.0842,109.6846,107.8971,108.3463,42155776
AAPL,2014-12-05,107.6257,108.6364,107.2887,108.5522,38318895
AAPL,2014-12-08,105.1924,107.2962,104.4624,106.7834,57664850
AAPL,2014-12-09,106.8021,106.9705,102.338,103.1241,60208036
AAPL,2014-12-10,104.7712,107.4853,104.3875,107.0735,44565318
AAPL,2014-12-11,104.4624,106.5026,104.2004,105.0614,41471578
AAPL,2014-12-12,102.6936,104.6964,102.5532,103.3768,56028138
AAPL,2014-12-15,101.2851,104.4437,99.5303,103.6014,67218082
AAPL,2014-12-16,99.9,103.096,99.4461,99.5491,60790733
AAPL,2014-12-17,102.3941,102.7965,99.9702,100.251,53411773
AAPL,2014-12-18,105.4263,105.4263,103.564,104.6964,59006218
AAPL,2014-12-19,104.6121,105.9785,104.4998,105.0614,88429770
AAPL,2014-12-22,105.6978,106.2125,104.79,104.9678,45167549
AAPL,2014-12-23,105.3234,106.0627,105.2485,105.9692,26028419
AAPL,2014-12-24,104.8274,105.4825,104.8274,105.3608,14479611
AAPL,2014-12-26,106.6804,107.1764,104.8274,104.9116,33720951
AAPL,2014-12-29,106.6056,107.4104,106.409,106.4932,27598920
AAPL,2014-12-30,105.3047,106.6149,104.921,106.3529,29881477
AAPL,2014-12-31,103.3019,105.8756,103.1428,105.5854,41403351
AAPL,2015-01-02,102.3192,104.2939,100.4662,104.2471,53204626
AAPL,2015-01-05,99.4367,101.6828,98.6506,101.3459,64285491
AAPL,2015-01-06,99.4461,100.5411,97.9206,99.7082,65797116
AAPL,2015-01-07,100.8406,101.2617,99.8532,100.3258,40105934
AAPL,2015-01-08,104.7151,104.9584,101.7296,102.2257,59364547
AAPL,2015-01-09,104.8274,105.9879,103.1428,105.4451,53699527
AAPL,2015-01-12,102.2444,105.4076,101.8232,105.3796,49650790
AAPL,2015-01-13,103.1522,105.5667,101.9262,104.2846,67091928
AAPL,2015-01-14,102.7591,103.4049,101.5425,102.0478,48956588
AAPL,2015-01-15,99.9702,103.0024,99.8205,102.9463,60013996
AAPL,2015-01-16,99.1934,100.6815,98.4541,100.1667,78513345
AAPL,2015-01-20,101.7484,101.9792,99.6707,100.9248,49899907
AAPL,2015-01-21,102.5251,103.9383,101.3272,101.9636,48575897
AAPL,2015-01-22,105.1924,105.2579,102.6842,103.1896,53796409
AAPL,2015-01-23,105.7352,106.4558,104.3782,105.0988,46464828
AAPL,2015-01-26,105.8475,107.0291,105.5667,106.4465,55614979
AAPL,2015-01-27,102.1414,105.2672,102.0385,105.2111,95568749
AAPL,2015-01-28,107.9158,110.5456,107.9158,110.0823,146477063
AAPL,2015-01-29,111.2756,111.547,108.1497,108.861,84436432
AAPL,2015-01-30,109.6471,112.305,109.357,110.8076,83745461
AAPL,2015-02-02,111.0229,111.5283,108.6364,110.4801,62739100
AAPL,2015-02-03,111.0416,111.4534,110.0683,110.9012,51915749
AAPL,2015-02-04,111.8932,112.7823,110.7225,110.9012,70149743
AAPL,2015-02-05,112.6919,112.9643,112.0436,112.767,42246245
AAPL,2015-02-06,111.7429,112.9831,111.2919,112.767,43706567
AAPL,2015-02-09,112.4852,112.5979,111.2731,111.3859,38889797
AAPL,2015-02-10,114.6462,114.7683,112.8986,112.908,62008506
AAPL,2015-02-11,117.3333,117.3709,115.0972,115.3509,73561797
AAPL,2015-02-12,118.8179,119.7762,117.9816,118.442,74474466
AAPL,2015-02-13,119.4004,119.5883,118.0568,119.5883,54272219
AAPL,2015-02-17,120.1051,121.0916,119.2501,119.7856,63152405
AAPL,2015-02-18,120.9366,120.9977,119.748,119.9125,44891737
AAPL,2015-02-19,120.6876,121.2325,120.5749,120.7158,37362381
AAPL,2015-02-20,121.6694,121.6741,120.3118,120.8473,48948419
AAPL,2015-02-23,124.9626,124.9626,121.8245,122.1627,70974110
AAPL,2015-02-24,124.1828,125.5264,123.2432,124.9063,69228130
AAPL,2015-02-25,121.0071,123.6472,120.4057,123.6097,74711746
AAPL,2015-02-26,122.5339,122.9614,118.9588,121.0024,91287529
AAPL,2015-02-27,120.697,122.6795,120.4903,122.1439,62014847
AAPL,2015-03-02,121.2889,122.407,120.5467,121.4393,48096663
AAPL,2015-03-03,121.5426,121.6929,120.3494,121.1668,37816283
AAPL,2015-03-04,120.7722,121.7305,120.5655,121.2983,31666340
AAPL,2015-03-05,118.7709,120.9695,118.1602,120.8097,56517146
AAPL,2015-03-06,118.9494,121.552,118.6299,120.6406,72842060
AAPL,2015-03-09,119.4568,121.7399,117.5025,120.2272,88528487
AAPL,2015-03-10,116.9857,119.5319,116.3186,118.7709,68856582
AAPL,2015-03-11,114.8529,117.23,114.7307,117.2112,68938974
AAPL,2015-03-12,116.9293,117.3521,114.2797,114.9186,48362719
AAPL,2015-03-13,116.1213,117.8173,115.1723,116.8823,51827283
AAPL,2015-03-16,117.3991,117.3991,115.4448,116.3938,35874300
AAPL,2015-03-17,119.3628,119.6259,118.0568,118.2917,51023104
AAPL,2015-03-18,120.7064,121.3547,118.7333,119.3252,65270945
AAPL,2015-03-19,119.7903,121.4346,119.7011,120.9695,45809490
AAPL,2015-03-20,118.2917,120.6406,117.5964,120.4997,68695136
AAPL,2015-03-23,119.5225,120.1239,118.8742,119.438,37709674
AAPL,2015-03-24,119.034,120.3024,118.9118,119.5413,32842304
AAPL,2015-03-25,115.924,119.1561,115.924,118.893,51655177
AAPL,2015-03-26,116.732,117.3333,115.1911,115.3415,47572869
AAPL,2015-03-27,115.8018,117.1642,115.4824,117.0421,39546151
AAPL,2015-03-30,118.7333,118.7615,116.5065,116.5535,47099670
AAPL,2015-03-31,116.9105,118.846,116.8401,118.4702,42090553
AAPL,2015-04-01,116.7414,117.5588,115.6609,117.277,40621437
AAPL,2015-04-02,117.7468,117.9722,116.685,117.4743,32220131
AAPL,2015-04-06,119.6541,119.8044,116.8166,116.9481,37193975
AAPL,2015-04-07,118.3951,120.3792,118.3669,119.9266,35012268
AAPL,2015-04-08,118.0098,118.7615,117.4179,118.2447,37329243
AAPL,2015-04-09,118.9118,118.9306,117.1266,118.2447,32483974
AAPL,2015-04-10,119.4192,119.5225,117.6904,118.3387,40187953
AAPL,2015-04-13,119.1843,120.8003,118.9588,120.6124,36365123
AAPL,2015-04-14,118.6675,119.5977,118.3011,119.3252,25524593
AAPL,2015-04-15,119.1185,119.4474,118.3951,118.7709,28970419
AAPL,2015-04-16,118.5454,119.4192,118.489,118.6487,28368987
AAPL,2015-04-17,117.2112,118.5172,116.9387,117.9629,51957046
AAPL,2015-04-20,119.889,120.3775,117.6058,117.9816,47054310
AAPL,2015-04-21,119.2407,120.4527,119.0152,120.3588,32435057
AAPL,2015-04-22,120.8473,121.0822,118.6863,119.3158,37654505
AAPL,2015-04-23,121.8339,122.5386,120.3963,120.5467,45770902
AAPL,2015-04-24,122.407,122.7359,121.4205,122.6043,44525905
AAPL,2015-04-27,124.6338,125.0848,123.2244,124.3143,96954207
AAPL,2015-04-28,122.6701,126.4096,121.7399,126.3297,118923970
AAPL,2015-04-29,120.8661,123.6378,120.5467,122.2943,63386083
AAPL,2015-04-30,117.587,120.152,117.0515,119.795,83195423
AAPL,2015-05-01,121.1574,122.2661,117.728,118.4796,58512638
AAPL,2015-05-04,120.9225,122.6795,120.5091,121.6741,50988278
AAPL,2015-05-05,118.1977,120.6874,118.179,120.4057,49271416
AAPL,2015-05-06,117.4555,119.0903,115.9052,118.9118,72141010
AAPL,2015-05-07,118.182,118.9557,117.0121,117.7197,43940895
AAPL,2015-05-08,120.4087,120.4087,118.984,119.5218,55550382
AAPL,2015-05-11,119.1821,120.352,118.5264,120.1917,42035757
AAPL,2015-05-12,118.7528,119.7105,117.7669,118.5028,48160032
AAPL,2015-05-13,118.8896,120.003,118.7575,119.0217,34694235
AAPL,2015-05-14,121.6635,121.6635,119.9746,120.2105,45203456
AAPL,2015-05-15,121.4937,122.173,120.9653,121.7767,38208034
AAPL,2015-05-18,122.8334,123.3335,121.1068,121.1257,50882918
AAPL,2015-05-19,122.7202,123.4844,122.3145,123.3052,44633240
AAPL,2015-05-20,122.7108,123.5788,122.0315,122.6542,36454932
AAPL,2015-05-21,123.9656,124.1921,122.4938,122.7202,39730364
AAPL,2015-05-22,125.0506,125.4563,123.9751,124.1638,45595972
AAPL,2015-05-26,122.2956,125.3997,121.8239,125.1073,70697560
AAPL,2015-05-27,124.5836,124.7865,122.7013,122.975,45833246
AAPL,2015-05-28,124.3336,124.494,123.692,124.4091,30733309
AAPL,2015-05-29,122.9184,124.0222,122.5598,123.8147,50884452
AAPL,2015-06-01,123.1589,123.9656,122.7013,123.7864,32112797
AAPL,2015-06-02,122.6164,123.2722,122.0126,122.5221,33667627
AAPL,2015-06-03,122.7674,123.5411,122.5598,123.2769,30983542
AAPL,2015-06-04,122.0503,123.2014,121.6258,122.2579,38450118
AAPL,2015-06-05,121.3805,122.3617,121.1068,122.1824,35626800
AAPL,2015-06-08,120.5785,121.9088,119.6633,121.6163,52674786
AAPL,2015-06-09,120.22,120.8427,118.5217,119.5406,56075420
AAPL,2015-06-10,121.5975,122.0315,120.6257,120.6917,39087250
AAPL,2015-06-11,121.3238,122.824,121.2153,121.8805,35390887
AAPL,2015-06-12,119.9841,121.0785,119.9275,120.9417,36886246
AAPL,2015-06-15,119.7482,120.0501,118.6066,118.9745,43988946
AAPL,2015-06-16,120.3898,120.6257,119.2293,119.852,31494131
AAPL,2015-06-17,120.1067,120.654,119.5784,120.503,32918071
AAPL,2015-06-18,120.654,121.0597,120.0313,120.0407,35407220
AAPL,2015-06-19,119.4463,120.5974,119.2576,120.4936,54716887
AAPL,2015-06-22,120.3992,120.8238,119.8992,120.286,34039345
AAPL,2015-06-23,119.852,120.3992,119.7097,120.2766,30268863
AAPL,2015-06-24,120.871,122.4655,119.9369,120.0218,55280855
AAPL,2015-06-25,120.2954,121.8994,120.2954,121.5786,31938100
AAPL,2015-06-26,119.5878,120.7577,119.3614,120.4558,44066841
AAPL,2015-06-29,117.4933,119.3236,117.4461,118.3707,49161427
AAPL,2015-06-30,118.3377,118.9934,117.8046,118.4745,44370682
AAPL,2015-07-01,119.4463,119.7671,118.8708,119.7293,30238811
AAPL,2015-07-02,119.2953,119.5312,118.6632,119.2859,27210952
AAPL,2015-07-06,118.8802,119.0972,117.7952,117.8801,28060431
AAPL,2015-07-07,118.5877,119.0217,116.7762,118.7764,46946811
AAPL,2015-07-08,115.644,117.597,115.6157,117.4461,60761614
AAPL,2015-07-09,113.2853,117.0498,112.4833,116.8517,78595038
AAPL,2015-07-10,116.3139,116.8517,114.3609,115.0496,61354474
AAPL,2015-07-13,118.5594,118.649,117.2951,117.965,41440538
AAPL,2015-07-14,118.5122,119.2293,117.9744,118.9179,31768139
AAPL,2015-07-15,119.6539,119.9652,118.4839,118.616,33649200
AAPL,2015-07-16,121.2484,121.305,120.1539,120.5219,36222447
AAPL,2015-07-17,122.2956,122.2956,121.0597,121.7862,46164710
AAPL,2015-07-20,124.6072,125.4563,123.3146,123.5694,58900203
AAPL,2015-07-21,123.3618,125.4092,122.9561,125.3431,76756427
AAPL,2015-07-22,118.1443,118.4085,115.0968,115.0968,115450607
AAPL,2015-07-23,118.0877,119.9086,117.9933,119.0689,50999452
AAPL,2015-07-24,117.465,118.6349,116.8989,118.2386,42162332
AAPL,2015-07-27,115.8327,116.6252,115.2194,116.1346,44455540
AAPL,2015-07-28,116.4082,116.9083,115.6251,116.4082,33618097
AAPL,2015-07-29,116.0403,116.5215,115.361,116.1912,37011653
AAPL,2015-07-30,115.4553,115.6439,114.8326,115.4081,33628268
AAPL,2015-07-31,114.4458,115.7124,114.0778,115.6723,42884953
AAPL,2015-08-03,111.7474,115.644,110.8794,114.6345,69975968
AAPL,2015-08-04,108.1621,111.0492,106.8507,110.785,124138623
AAPL,2015-08-05,108.8792,110.8039,105.7656,106.5676,99312613
AAPL,2015-08-06,109.1161,110.4145,108.1541,109.9122,52903040
AAPL,2015-08-07,109.4857,110.1776,108.519,108.5948,38670405
AAPL,2015-08-10,113.4663,113.7222,110.443,110.443,54951597
AAPL,2015-08-11,107.5618,112.0068,107.4101,111.6561,97082814
AAPL,2015-08-12,109.2204,109.391,103.9034,106.6519,101685610
AAPL,2015-08-13,109.1351,110.3198,108.5569,109.9786,48535789
AAPL,2015-08-14,109.9027,110.2345,108.0546,108.3484,42929516
AAPL,2015-08-17,111.0401,111.5045,109.4668,109.9786,40884745
AAPL,2015-08-18,110.4145,111.3054,109.9501,110.3482,34560708
AAPL,2015-08-19,109.0024,110.4335,108.6896,110.0354,48286510
AAPL,2015-08-20,106.7656,108.3768,105.7989,108.1209,68501622
AAPL,2015-08-21,100.2355,106.0548,100.1266,104.6616,128275471
AAPL,2015-08-24,97.7334,103.1168,87.1943,89.9144,162206292
AAPL,2015-08-25,98.3211,105.3061,98.0936,105.3061,103601599
AAPL,2015-08-26,103.9603,104.1498,99.5626,101.4913,96774611
AAPL,2015-08-27,107.0215,107.3248,104.273,106.3865,84616056
AAPL,2015-08-28,107.3722,107.3912,105.7136,106.3107,53164407
AAPL,2015-08-31,106.8699,108.5474,106.1496,106.2728,56229271
AAPL,2015-09-01,102.0932,106.0359,101.752,104.4247,76845860
AAPL,2015-09-02,106.4718,106.4718,103.4305,104.2541,61888812
AAPL,2015-09-03,104.6047,106.8889,104.292,106.614,53233940
AAPL,2015-09-04,103.5622,104.6806,102.8419,103.2779,49996311
AAPL,2015-09-08,106.4434,106.6803,104.5574,105.8179,54843626
AAPL,2015-09-09,104.3962,108.0641,104.0361,107.8177,85010804
AAPL,2015-09-10,106.6898,107.3651,104.1593,104.51,62892831
AAPL,2015-09-11,108.2442,108.2442,105.9221,105.9506,49915473
AAPL,2015-09-14,109.2867,110.7842,108.8602,110.4904,58363431
AAPL,2015-09-15,110.206,110.443,108.4432,109.8743,43341155
AAPL,2015-09-16,110.3292,110.4524,109.4099,110.1776,37173489
AAPL,2015-09-17,107.9693,110.4051,107.775,109.6184,64112641
AAPL,2015-09-18,107.5239,108.3295,106.0264,106.3486,74285291
AAPL,2015-09-21,109.1919,109.3436,107.7229,107.7324,50221965
AAPL,2015-09-22,107.4765,108.2157,106.6425,107.4575,50346159
AAPL,2015-09-23,108.3484,108.7275,107.3817,107.6945,35756716
AAPL,2015-09-24,108.9929,109.4668,106.5003,107.3343,50219475
AAPL,2015-09-25,108.718,110.5946,108.0641,110.3577,56151926
AAPL,2015-09-28,106.5666,108.5854,106.5666,107.903,52109011
AAPL,2015-09-29,103.3632,107.5807,102.2259,106.9362,73365384
AAPL,2015-09-30,104.5384,105.7136,103.0504,104.4152,66473033
AAPL,2015-10-01,103.856,103.8939,101.7046,103.3726,63929100
AAPL,2015-10-02,104.6142,105.2147,101.932,102.368,58019758
AAPL,2015-10-05,104.9933,105.5523,103.3726,104.1403,52064743
AAPL,2015-10-06,105.4956,105.9032,104.0313,104.8512,48856977
AAPL,2015-10-07,104.9933,105.9316,103.6949,105.9032,46765550
AAPL,2015-10-08,103.7802,104.4341,102.5576,104.4341,61979577
AAPL,2015-10-09,106.2633,106.415,103.7707,104.2541,52766140
AAPL,2015-10-12,105.7705,106.8604,105.6188,106.8415,30467204
AAPL,2015-10-13,105.9506,106.5761,104.8985,105.0312,33049256
AAPL,2015-10-14,104.4531,105.6947,103.8371,105.4767,44462449
AAPL,2015-10-15,106.0169,106.2444,104.7185,105.1355,37673452
AAPL,2015-10-16,105.2397,106.1496,104.7564,105.9411,39232609
AAPL,2015-10-19,105.8937,105.9127,104.3583,105.0123,29759153
AAPL,2015-10-20,107.8271,108.2062,105.0312,105.5241,48967763
AAPL,2015-10-21,107.8177,109.5426,107.7608,108.0451,42326974
AAPL,2015-10-22,109.4668,109.4668,108.1399,108.3579,41654089
AAPL,2015-10-23,112.8598,113,110.2534,110.6041,59366914
AAPL,2015-10-26,109.2583,111.9594,108.9171,111.912,66333781
AAPL,2015-10-27,108.5664,110.4524,108.0356,109.372,69884400
AAPL,2015-10-28,113.0398,113.0683,109.9975,110.8221,85551352
AAPL,2015-10-29,114.234,114.3857,112.0921,112.4996,51227334
AAPL,2015-10-30,113.2578,114.888,113.2104,114.67,49365254
AAPL,2015-11-02,114.8501,115.0207,113.3621,113.6085,32203267
AAPL,2015-11-03,116.1675,117.0394,114.3951,114.4804,45518976
AAPL,2015-11-04,115.6272,117.3522,115.2671,116.6982,44886050
AAPL,2015-11-05,115.0942,116.7789,114.3898,115.9794,39552680
AAPL,2015-11-06,115.2274,115.9413,114.8086,115.275,33042283
AAPL,2015-11-09,114.761,115.9413,114.2661,115.1323,33871405
AAPL,2015-11-10,111.1441,112.3815,110.4693,111.2679,59127931
AAPL,2015-11-11,110.5159,111.7628,109.6593,110.7634,45217971
AAPL,2015-11-12,110.1447,111.1917,110.0781,110.6587,32525579
AAPL,2015-11-13,106.9276,110.0019,106.8609,109.6498,45812403
AAPL,2015-11-16,108.6742,108.736,105.6521,106.0138,38106701
AAPL,2015-11-17,108.2125,109.507,107.8603,109.3833,27616939
AAPL,2015-11-18,111.6391,111.8294,109.9353,110.1828,46674697
AAPL,2015-11-19,113.0573,113.9806,111.1346,111.9722,43295820
AAPL,2015-11-20,113.5522,114.1424,113.1239,113.4571,34287096
AAPL,2015-11-23,112.0769,113.9615,111.6867,113.5237,32482528
AAPL,2015-11-24,113.1525,113.5998,111.4773,111.6771,42803172
AAPL,2015-11-25,112.3434,113.4856,112.2387,113.4666,21388308
AAPL,2015-11-27,112.134,112.7051,111.9341,112.5909,13046445
AAPL,2015-11-30,112.6004,113.6569,112.0769,112.3054,39180322
AAPL,2015-12-01,111.6867,113.0858,111.2298,113.0287,34852374
AAPL,2015-12-02,110.6777,112.4196,110.4874,111.4106,33386563
AAPL,2015-12-03,109.6498,111.1632,108.717,110.9347,41569509
AAPL,2015-12-04,113.2952,113.5046,109.5641,109.7354,57776977
AAPL,2015-12-07,112.5814,114.0853,112.134,113.2477,32084249
AAPL,2015-12-08,112.5338,112.886,111.2298,111.858,34309450
AAPL,2015-12-09,110.0495,112.0198,109.5356,111.9722,46361357
AAPL,2015-12-10,110.573,111.3059,109.9448,110.4493,29212727
AAPL,2015-12-11,107.7271,109.8306,107.4139,109.6403,46886161
AAPL,2015-12-14,107.0608,107.2512,104.5004,106.7753,65003609
AAPL,2015-12-15,105.1667,107.3654,105.0334,106.5468,53323105
AAPL,2015-12-16,105.9757,106.5944,103.5581,105.7188,56238467
AAPL,2015-12-17,103.7294,106.8419,103.7294,106.623,44772827
AAPL,2015-12-18,100.9216,104.2434,100.7122,103.6628,96453327
AAPL,2015-12-21,102.1589,102.197,100.4837,102.1113,47590610
AAPL,2015-12-22,102.0638,102.5302,101.3223,102.2256,32789367
AAPL,2015-12-23,103.3773,103.6057,102.0352,102.1018,32657354
AAPL,2015-12-24,102.8252,103.7485,102.7491,103.7485,13596680
AAPL,2015-12-28,101.6735,102.5016,101.065,102.4064,26704210
AAPL,2015-12-29,103.501,104.1578,101.7116,101.8068,30931243
AAPL,2015-12-30,102.1494,103.4629,102.0162,103.3487,25213777
AAPL,2015-12-31,100.1887,101.8734,99.7699,101.8544,40912316
AAPL,2016-01-04,100.2743,100.2915,97.0857,97.6663,67649387
AAPL,2016-01-05,97.7615,100.7502,97.476,100.6551,55790992
AAPL,2016-01-06,95.8484,97.4379,95.0584,95.7151,68457388
AAPL,2016-01-07,91.8031,95.3058,91.7841,93.9257,81094428
AAPL,2016-01-08,92.2886,94.335,92.0982,93.802,70798016
AAPL,2016-01-11,93.7829,94.2874,92.6502,94.2017,49739377
AAPL,2016-01-12,95.144,95.8388,94.0779,95.7056,49154227
AAPL,2016-01-13,92.6978,96.3148,92.6122,95.4867,62439631
AAPL,2016-01-14,94.7252,95.639,91.1273,93.2404,63170127
AAPL,2016-01-15,92.4504,93.0024,90.7656,91.5652,79833891
AAPL,2016-01-19,92.003,93.8971,90.8989,93.6687,53087747
AAPL,2016-01-20,92.1267,93.459,88.9191,90.5182,72334416
AAPL,2016-01-21,91.6604,93.1642,90.3659,92.3837,52161463
AAPL,2016-01-22,96.5337,96.5717,93.6306,93.8781,65800467
AAPL,2016-01-25,94.6491,96.6384,94.4302,96.6289,51794525
AAPL,2016-01-26,95.1726,96.0197,93.3451,95.1155,75077002
AAPL,2016-01-27,88.9191,91.9734,88.843,91.4129,133369674
AAPL,2016-01-28,89.5568,89.9661,87.9387,89.2713,55678825
AAPL,2016-01-29,92.6502,92.6502,89.8043,90.2231,64416504
AAPL,2016-02-01,91.7841,92.0506,90.8037,91.8222,40943541
AAPL,2016-02-02,89.928,91.4129,89.7377,90.8228,37357215
AAPL,2016-02-03,91.7079,92.1743,89.5473,90.423,45964294
AAPL,2016-02-04,92.4448,93.1434,91.0955,91.7367,46471652
AAPL,2016-02-05,89.9758,92.7511,89.66,92.3683,46418064
AAPL,2016-02-08,90.9232,91.5835,89.038,89.1241,54021375
AAPL,2016-02-09,90.9041,91.8132,89.8897,90.2342,44331195
AAPL,2016-02-10,90.215,92.2056,90.0524,91.7941,42343601
AAPL,2016-02-11,89.6696,90.6457,88.6073,89.7557,50074711
AAPL,2016-02-12,89.9471,90.4352,89.0092,90.1385,40351381
AAPL,2016-02-16,92.4831,92.6841,90.5404,90.9328,49057916
AAPL,2016-02-17,93.8994,93.9856,92.0142,92.5118,44863243
AAPL,2016-02-18,92.1195,94.6363,91.9577,94.5885,39020983
AAPL,2016-02-19,91.9089,92.5978,91.6792,91.8706,35374173
AAPL,2016-02-22,92.7128,92.7319,91.7941,92.1673,34280758
AAPL,2016-02-23,90.617,92.3491,90.483,92.2534,31942633
AAPL,2016-02-24,91.9663,92.2343,89.3059,89.9375,36255745
AAPL,2016-02-25,92.5979,92.5979,91.1529,91.9185,27582659
AAPL,2016-02-26,92.7415,93.8073,92.4257,93.019,28991131
AAPL,2016-02-29,92.531,94.0047,92.4927,92.6936,35216277
AAPL,2016-03-01,96.2058,96.4355,93.2296,93.4497,50407147
AAPL,2016-03-02,96.4163,96.5503,95.3541,96.1866,33169560
AAPL,2016-03-03,97.1341,97.3349,96.1292,96.2536,36955742
AAPL,2016-03-04,98.5791,99.2873,97.0096,97.9666,46055100
AAPL,2016-03-07,97.4881,98.4068,96.6173,97.9858,35915810
AAPL,2016-03-08,96.6843,97.3829,96.0814,96.445,31561889
AAPL,2016-03-09,96.7704,97.2106,95.957,96.9522,27201683
AAPL,2016-03-10,96.8183,97.8422,95.8421,97.0479,33513577
AAPL,2016-03-11,97.8614,97.8805,97.1341,97.8422,27408237
AAPL,2016-03-14,98.1102,98.4834,97.402,97.5264,25076062
AAPL,2016-03-15,100.0816,100.6558,99.383,99.4882,40067734
AAPL,2016-03-16,101.4118,101.7372,100.0911,100.1103,38303493
AAPL,2016-03-17,101.2491,101.8903,100.4452,100.9811,34420705
AAPL,2016-03-18,101.3639,101.919,100.6653,101.7659,44205171
AAPL,2016-03-21,101.3544,103.0195,100.6176,101.3735,35502678
AAPL,2016-03-22,102.1295,102.675,100.6845,100.7228,32444375
AAPL,2016-03-23,101.5649,102.4645,101.3448,101.8998,25703495
AAPL,2016-03-24,101.1247,101.6797,100.3782,100.9333,26132955
AAPL,2016-03-28,100.6653,101.6223,100.5409,101.4405,19411372
AAPL,2016-03-29,103.0482,103.1535,100.3687,100.3782,31190083
AAPL,2016-03-30,104.8474,105.6704,103.9287,103.9765,45601149
AAPL,2016-03-31,104.3019,105.1727,104.1966,105.0005,25888449
AAPL,2016-04-01,105.2589,105.2684,103.5459,104.1009,25873950
AAPL,2016-04-04,106.3403,107.3642,105.5268,105.6704,37356204
AAPL,2016-04-05,105.0866,105.967,104.7134,104.7995,26578652
AAPL,2016-04-06,106.1871,106.2063,104.5028,105.4885,26404077
AAPL,2016-04-07,103.8712,105.6704,103.4703,105.2206,31801870
AAPL,2016-04-08,103.9861,105.0483,103.5172,104.2253,23581740
AAPL,2016-04-11,104.3306,105.8522,104.1488,104.2827,29407518
AAPL,2016-04-12,105.6895,105.7469,103.9861,104.6368,27232325
AAPL,2016-04-13,107.2207,107.5078,106.034,106.034,33257316
AAPL,2016-04-14,107.2781,107.5556,106.5412,106.8188,25473923
AAPL,2016-04-15,105.1249,107.4695,105.01,107.2877,46938969
AAPL,2016-04-18,102.8568,104.2636,102.3401,104.2062,60821461
AAPL,2016-04-19,102.3113,103.3545,101.6606,103.2396,32384879
AAPL,2016-04-20,102.5219,103.4406,101.4979,102.053,30611030
AAPL,2016-04-21,101.4118,102.3305,100.9811,102.3305,31552525
AAPL,2016-04-22,101.1343,101.8998,100.1199,100.4931,33683121
AAPL,2016-04-25,100.5601,101.1055,100.0146,100.4835,28031588
AAPL,2016-04-26,99.8615,100.7706,99.4404,99.4404,56016165
AAPL,2016-04-27,93.6123,94.4641,91.5644,91.8706,114602142
AAPL,2016-04-28,90.751,93.6698,90.1959,93.4114,82242690
AAPL,2016-04-29,89.7078,90.6457,88.5308,89.9471,68531478
AAPL,2016-05-02,89.6121,90.0332,88.4255,89.9232,48160104
AAPL,2016-05-03,91.0859,91.6218,89.6504,90.1481,56831277
AAPL,2016-05-04,90.1385,91.7749,89.7844,91.105,41025475
AAPL,2016-05-05,89.7727,90.5718,89.2335,90.5044,35890500
AAPL,2016-05-06,89.272,89.9748,88.4343,89.8978,43699886
AAPL,2016-05-09,89.3394,90.2829,89.1468,89.5416,32936436
AAPL,2016-05-10,89.946,90.0904,88.6847,89.8593,33686836
AAPL,2016-05-11,89.0698,90.0904,89.0217,90.0037,28719109
AAPL,2016-05-12,86.9805,89.3298,86.1429,89.272,76314690
AAPL,2016-05-13,87.1538,88.261,86.6531,86.6531,44392765
AAPL,2016-05-16,90.3889,90.8799,88.2418,88.9543,61259756
AAPL,2016-05-17,90.0134,91.1784,89.5512,91.0339,46916939
AAPL,2016-05-18,91.0436,91.6694,90.3985,90.6584,42062391
AAPL,2016-05-19,90.697,91.1206,90.0904,91.1206,30442100
AAPL,2016-05-20,91.679,91.8812,91.0051,91.1206,32025968
AAPL,2016-05-23,92.844,93.5758,92.1123,92.3049,38018643
AAPL,2016-05-24,94.2594,94.4423,93.2388,93.6047,35140174
AAPL,2016-05-25,95.9154,96.0309,94.4616,95.0007,38642108
AAPL,2016-05-26,96.676,96.9841,94.9718,95.9732,56331159
AAPL,2016-05-27,96.6183,96.7338,95.5543,95.7421,36341240
AAPL,2016-05-31,96.1465,96.6664,95.1452,95.8961,42307212
AAPL,2016-06-01,94.7985,95.8384,94.6734,95.3377,29173285
AAPL,2016-06-02,94.0861,94.2016,93.0366,93.9705,40191600
AAPL,2016-06-03,94.2786,94.6156,93.8261,94.1535,28504888
AAPL,2016-06-06,94.9622,98.101,93.9224,94.346,23292504
AAPL,2016-06-07,95.3473,96.1561,95.2799,95.5592,22409450
AAPL,2016-06-08,95.2607,95.8576,95.0104,95.3377,20848131
AAPL,2016-06-09,95.9443,96.2716,94.7985,94.8371,26601354
AAPL,2016-06-10,95.1548,95.6513,94.8178,94.8659,31712936
AAPL,2016-06-13,93.7202,95.434,93.4891,95.02,38020494
AAPL,2016-06-14,93.8357,94.813,93.1521,93.7009,31931944
AAPL,2016-06-15,93.5276,94.7504,93.4217,94.1823,29445227
AAPL,2016-06-16,93.9224,94.1149,92.4974,92.8633,31326815
AAPL,2016-06-17,91.7849,93.0559,91.7561,93.027,61008219
AAPL,2016-06-20,91.5635,92.9788,91.4961,92.43,34411901
AAPL,2016-06-21,92.3434,92.767,91.1553,91.4094,35546358
AAPL,2016-06-22,91.9968,93.2869,91.8042,92.6707,29219122
AAPL,2016-06-23,92.5263,92.7092,91.7079,92.3723,32240187
AAPL,2016-06-24,89.9267,91.135,89.2046,89.4549,75311356
AAPL,2016-06-27,88.6173,89.5897,88.0974,89.5416,46622188
AAPL,2016-06-28,90.1096,90.177,88.7136,89.4453,40444914
AAPL,2016-06-29,90.8895,91.0339,90.1482,90.4755,36531006
AAPL,2016-06-30,92.0449,92.2086,90.7932,90.928,35836356
AAPL,2016-07-01,92.3241,92.8777,91.7849,91.939,26026540
AAPL,2016-07-05,91.4576,91.8523,90.9473,91.8427,27705210
AAPL,2016-07-06,91.9775,92.1027,90.8606,91.0821,30949090
AAPL,2016-07-07,92.3723,92.9114,92.0642,92.1412,25139558
AAPL,2016-07-08,93.0847,93.2869,92.4782,92.9018,28912103
AAPL,2016-07-11,93.3736,94.0187,93.1329,93.1521,23794945
AAPL,2016-07-12,93.7972,94.0668,93.5084,93.5565,24167463
AAPL,2016-07-13,93.2677,94.0379,93.2388,93.7876,25892171
AAPL,2016-07-14,95.1163,95.3088,93.7009,93.7683,38918997
AAPL,2016-07-15,95.1066,95.6073,94.8371,95.2414,30136990
AAPL,2016-07-18,96.1176,96.4064,94.9333,95.0296,36493867
AAPL,2016-07-19,96.1561,96.2813,95.6458,95.8576,23779924
AAPL,2016-07-20,96.2428,96.7242,96.0261,96.2813,26275968
AAPL,2016-07-21,95.7325,97.2441,95.4436,96.1176,32702028
AAPL,2016-07-22,94.9911,95.6073,94.6541,95.5688,28313669
AAPL,2016-07-25,93.7202,95.1644,93.3158,94.5963,40382921
AAPL,2016-07-26,93.0751,94.3268,92.8344,93.2195,56239822
AAPL,2016-07-27,99.1216,100.4695,98.929,100.3877,92344820
AAPL,2016-07-28,100.4599,100.5658,98.9964,99.006,39869839
AAPL,2016-07-29,100.3347,100.6621,99.8244,100.3155,27733688
AAPL,2016-08-01,102.1063,102.2026,100.5273,100.5273,38167871
AAPL,2016-08-02,100.5947,102.1255,100.1325,102.1063,33816556
AAPL,2016-08-03,101.856,101.9041,100.8739,100.9124,30202641
AAPL,2016-08-04,102.4852,102.611,101.914,102.2044,27408650
AAPL,2016-08-05,104.0437,104.2083,102.7853,102.8724,40553402
AAPL,2016-08-08,104.9052,104.9052,103.7339,104.0824,28037220
AAPL,2016-08-09,105.3312,105.457,104.5568,104.7697,26315204
AAPL,2016-08-10,104.5471,105.4183,104.3147,105.2344,24008505
AAPL,2016-08-11,104.4793,105.4473,104.4019,105.0504,27484506
AAPL,2016-08-12,104.7213,104.973,104.3341,104.3341,18660434
AAPL,2016-08-15,105.9798,106.0378,104.6245,104.6826,25868209
AAPL,2016-08-16,105.883,106.7058,105.7184,106.125,33794448
AAPL,2016-08-17,105.7281,105.8733,104.8762,105.6119,25355976
AAPL,2016-08-18,105.5925,106.0959,105.5345,105.7377,21984703
AAPL,2016-08-19,105.8636,106.183,104.8956,105.2925,25368072
AAPL,2016-08-22,105.0408,105.6119,104.4019,105.3796,25820230
AAPL,2016-08-23,105.3699,105.8249,105.0601,105.1182,21257669
AAPL,2016-08-24,104.5761,105.2731,104.2373,105.094,23675081
AAPL,2016-08-25,104.1308,104.4309,103.2693,103.9566,25086248
AAPL,2016-08-26,103.521,104.4987,102.9111,103.9759,27766291
AAPL,2016-08-29,103.4048,104.005,102.8917,103.2112,24970300
AAPL,2016-08-30,102.611,103.095,102.127,102.4174,24863945
AAPL,2016-08-31,102.7078,103.1627,102.2625,102.2819,29662406
AAPL,2016-09-01,103.3177,103.3854,102.2432,102.7465,26701523
AAPL,2016-09-02,104.2857,104.5471,103.4048,104.2567,26802450
AAPL,2016-09-06,104.2567,104.8375,104.0727,104.4503,26880391
AAPL,2016-09-07,104.8956,105.2828,103.6468,104.3825,42364328
AAPL,2016-09-08,102.1464,103.8404,101.8753,103.8211,53002026
AAPL,2016-09-09,99.8328,102.34,99.8328,101.2945,46556984
AAPL,2016-09-12,102.0689,102.34,99.252,99.3681,45292770
AAPL,2016-09-13,104.4987,105.3118,103.8114,104.0727,62176190
AAPL,2016-09-14,108.1965,109.4163,105.1279,105.2537,112340318
AAPL,2016-09-15,111.875,112.0299,109.8615,110.2197,90613177
AAPL,2016-09-16,111.2458,112.4171,110.394,111.4394,79886911
AAPL,2016-09-19,109.9487,112.4655,109.6292,111.5072,47023046
AAPL,2016-09-20,109.939,110.4714,108.9129,109.4356,34514269
AAPL,2016-09-21,109.9196,110.3446,108.8461,110.21,36003185
AAPL,2016-09-22,110.9554,111.2652,110.3552,110.6941,31073984
AAPL,2016-09-23,109.1065,111.12,107.9836,110.7618,52481151
AAPL,2016-09-26,109.2711,109.7647,107.9836,108.0707,29869442
AAPL,2016-09-27,109.4743,109.5615,108.7483,109.3872,24607412
AAPL,2016-09-28,110.3068,110.9748,109.8035,110.0552,29641085
AAPL,2016-09-29,108.5934,110.1616,108.2256,109.5421,35886990
AAPL,2016-09-30,109.4356,109.7454,108.2256,108.8645,36379106
AAPL,2016-10-03,108.9226,109.4356,108.6902,109.1065,21701760
AAPL,2016-10-04,109.3872,110.6553,109.029,109.4453,29736835
AAPL,2016-10-05,109.4356,110.0261,109.0871,109.7744,21453089
AAPL,2016-10-06,110.2488,110.6844,109.5131,110.0648,28779313
AAPL,2016-10-07,110.4133,110.8973,109.8809,110.6553,24358443
AAPL,2016-10-10,112.3397,113.0173,111.0522,111.3426,36235956
AAPL,2016-10-11,112.5817,114.8953,112.4849,113.9369,64041043
AAPL,2016-10-12,113.5885,114.208,113.0173,113.5981,37586787
AAPL,2016-10-13,113.24,113.6853,112.0203,113.056,35192406
AAPL,2016-10-14,113.8692,114.3919,113.3852,114.1112,35652191
AAPL,2016-10-17,113.7917,114.0725,113.0464,113.5788,23624896
AAPL,2016-10-18,113.7143,114.4306,113.6949,114.4016,24553478
AAPL,2016-10-19,113.3755,113.995,110.1616,113.5013,20034594
AAPL,2016-10-20,113.3174,113.6272,112.6107,113.1238,24125801
AAPL,2016-10-21,112.8721,113.1722,112.5623,113.0754,23192665
AAPL,2016-10-24,113.8885,113.9757,113.2593,113.3561,23538673
AAPL,2016-10-25,114.4694,114.5758,113.5594,114.179,48128970
AAPL,2016-10-26,111.8944,112.0009,109.6873,110.6553,66134219
AAPL,2016-10-27,110.8199,112.1558,110.452,111.7008,34562045
AAPL,2016-10-28,110.0842,111.5266,109.8228,110.2294,37861662
AAPL,2016-10-31,109.91,110.5779,109.5808,110.0164,26419398
AAPL,2016-11-01,107.9255,110.1326,106.9962,109.8325,43825812
AAPL,2016-11-02,108.0223,108.758,107.6738,107.8384,28331709
AAPL,2016-11-03,106.8644,108.4504,106.592,107.9834,26932602
AAPL,2016-11-04,105.9012,107.2731,105.1909,105.5995,30836997
AAPL,2016-11-07,107.4288,107.5261,106.5044,107.1077,32560000
AAPL,2016-11-08,108.0612,108.7034,106.7379,107.3315,24254179
AAPL,2016-11-09,107.8861,108.3142,105.1325,106.9131,59176361
AAPL,2016-11-10,104.8795,108.0904,102.9724,108.0904,57134541
AAPL,2016-11-11,105.5022,105.9304,103.673,104.2276,34143898
AAPL,2016-11-14,102.8557,104.898,101.2697,104.8017,51175504
AAPL,2016-11-15,104.2179,104.7725,103.2928,103.6925,32264510
AAPL,2016-11-16,107.0201,107.2536,103.7216,103.8189,58840522
AAPL,2016-11-17,106.9812,107.3704,105.8914,106.845,27632003
AAPL,2016-11-18,107.0882,107.5553,106.699,106.7574,28428917
AAPL,2016-11-21,108.7131,108.9661,107.0396,107.1466,29264571
AAPL,2016-11-22,108.7812,109.3845,108.392,108.9272,25965534
AAPL,2016-11-23,108.2266,108.4991,107.3509,108.3531,27426394
AAPL,2016-11-25,108.7715,108.8493,107.9542,108.1293,11475922
AAPL,2016-11-28,108.5574,109.4283,108.3823,108.4212,27193983
AAPL,2016-11-29,108.4504,109.005,107.0979,107.7888,28528750
AAPL,2016-11-30,107.5358,109.1704,107.2925,108.5866,36162258
AAPL,2016-12-01,106.5336,107.9445,106.086,107.385,37086862
AAPL,2016-12-02,106.9325,107.1174,105.9109,106.2223,26527997
AAPL,2016-12-05,106.1639,107.059,105.3271,107.0298,34324540
AAPL,2016-12-06,106.9812,107.3801,106.2417,106.5433,26195462
AAPL,2016-12-07,108.032,108.1877,106.2125,106.3098,29998719
AAPL,2016-12-08,109.0926,109.3942,107.6136,107.8666,27068316
AAPL,2016-12-09,110.8732,111.6029,109.2775,109.2775,34402627
AAPL,2016-12-12,110.2407,111.8948,109.4526,110.231,26374377
AAPL,2016-12-13,112.0797,112.79,110.6786,110.7662,43733811
AAPL,2016-12-14,112.0797,113.0624,111.8754,111.9338,34031834
AAPL,2016-12-15,112.6927,113.5781,112.1186,112.2646,46524544
AAPL,2016-12-16,112.8386,113.3543,112.5224,113.3251,44351134
AAPL,2016-12-19,113.4905,114.2106,112.6246,112.6732,27779423
AAPL,2016-12-20,113.7922,114.3273,113.5295,113.5878,21424965
AAPL,2016-12-21,113.8992,114.23,113.6268,113.6462,23783165
AAPL,2016-12-22,113.15,113.3641,112.5175,113.2084,26085854
AAPL,2016-12-23,113.3738,113.3738,112.4689,112.4689,14249484
AAPL,2016-12-27,114.0938,114.6192,113.3446,113.3738,18296855
AAPL,2016-12-28,113.6073,114.83,113.0624,114.3468,20905892
AAPL,2016-12-29,113.5781,113.9474,113.257,113.3057,15039519
AAPL,2016-12-30,112.6927,114.0354,112.3132,113.5003,30586265
AAPL,2017-01-03,113.0138,113.1889,111.6613,112.6732,28781865
AAPL,2017-01-04,112.8873,113.3641,112.6246,112.7219,21118116
AAPL,2017-01-05,113.4614,113.7087,112.683,112.79,22193587
AAPL,2017-01-06,114.7263,114.9695,113.3251,113.6268,31751900
AAPL,2017-01-09,115.7771,116.2052,114.7554,114.7652,33561948
AAPL,2017-01-10,115.8939,116.1566,115.1057,115.563,24462051
AAPL,2017-01-11,116.5166,116.6917,115.3976,115.5338,27588593
AAPL,2017-01-12,116.0301,116.0787,115.0182,115.6847,27086220
AAPL,2017-01-13,115.8257,116.3901,115.602,115.8939,26111948
AAPL,2017-01-17,116.7598,116.9933,115.0279,115.1446,34439843
AAPL,2017-01-18,116.7501,117.2463,116.4777,116.7598,23712961
AAPL,2017-01-19,116.5458,116.8474,116.1468,116.176,25597291
AAPL,2017-01-20,116.7598,117.1977,116.5016,117.1977,32597892
AAPL,2017-01-23,116.8377,117.548,116.536,116.7598,22050218
AAPL,2017-01-24,116.7306,116.8571,116.2733,116.322,23211038
AAPL,2017-01-25,118.5891,118.8031,117.0323,117.1685,32586673
AAPL,2017-01-26,118.6474,119.1339,118.3166,118.3847,26337576
AAPL,2017-01-27,118.6572,119.0464,118.3166,118.842,20562944
AAPL,2017-01-30,118.3458,118.3458,117.402,117.6647,30377503
AAPL,2017-01-31,118.0734,118.1123,117.3631,117.8788,49200993
AAPL,2017-02-01,125.2736,126.9666,123.5805,123.6,111985040
AAPL,2017-02-02,125.0595,125.8963,124.3298,124.5195,33710411
AAPL,2017-02-03,125.5947,125.7017,124.6995,124.8454,24507301
AAPL,2017-02-06,126.772,126.9763,125.4195,125.6433,26845924
AAPL,2017-02-07,127.9785,128.5234,126.9277,127.0152,38183841
AAPL,2017-02-08,128.4747,128.6499,127.6769,127.8034,23004072
AAPL,2017-02-09,129.4031,129.4275,128.1327,128.6506,28349859
AAPL,2017-02-10,129.1099,129.9113,129.0415,129.4422,20065458
AAPL,2017-02-13,130.2533,130.7712,129.7256,130.0481,23035421
AAPL,2017-02-14,131.9439,132.0123,130.2142,130.4292,33226223
AAPL,2017-02-15,132.4227,133.1654,131.553,132.4325,35623100
AAPL,2017-02-16,132.2615,132.8038,131.7678,132.5791,22584555
AAPL,2017-02-17,132.6279,132.7354,132.022,132.022,22198197
AAPL,2017-02-21,133.5856,133.6344,132.882,133.1263,24507156
AAPL,2017-02-22,133.9862,133.996,133.009,133.3217,20836932
AAPL,2017-02-23,133.4195,134.3478,133.1947,134.2501,20788186
AAPL,2017-02-24,133.5465,133.5465,132.1979,132.8136,21776585
AAPL,2017-02-27,133.8103,134.3038,133.1752,134.0156,20257426
AAPL,2017-02-28,133.869,134.3038,133.5856,133.9569,23482860
AAPL,2017-03-01,136.6052,136.957,134.4602,134.7485,36414585
AAPL,2017-03-02,135.7941,137.0827,135.5987,136.8104,26210984
AAPL,2017-03-03,136.5954,136.6443,135.4325,135.6182,21571121
AAPL,2017-03-06,136.1654,136.5856,135.4383,136.1899,21750044
AAPL,2017-03-07,136.3413,136.7909,135.628,135.8918,17446297
AAPL,2017-03-08,135.8332,136.615,135.6573,135.7843,18707236
AAPL,2017-03-09,135.5205,135.628,133.9276,135.5791,22155904
AAPL,2017-03-10,135.97,136.1822,135.4814,136.0775,19612801
AAPL,2017-03-13,136.0286,136.2534,135.6573,135.6866,17421717
AAPL,2017-03-14,135.8234,136.4684,135.6768,136.1264,15309065
AAPL,2017-03-15,137.2599,137.5434,135.8576,136.2338,25691774
AAPL,2017-03-16,137.4847,137.8072,137.0645,137.514,19231998
AAPL,2017-03-17,136.8006,137.7876,136.7029,137.7876,43884952
AAPL,2017-03-20,138.2371,138.2762,137.0352,137.2013,21542038
AAPL,2017-03-21,136.6541,139.5466,136.5466,138.8723,39529912
AAPL,2017-03-22,138.1981,138.374,136.5759,136.6589,25860165
AAPL,2017-03-23,137.7094,138.3587,137.4065,138.0417,20346301
AAPL,2017-03-24,137.4358,138.5108,137.1524,138.2762,22395563
AAPL,2017-03-27,137.6704,138.0026,135.4618,136.2143,23575094
AAPL,2017-03-28,140.5238,140.7584,137.4163,137.6997,33374805
AAPL,2017-03-29,140.8365,141.1981,139.9277,140.4066,29189955
AAPL,2017-03-30,140.6509,141.2079,140.2307,140.9049,21207252
AAPL,2017-03-31,140.387,140.9831,139.7518,140.4457,19661651
AAPL,2017-04-03,140.4261,140.8365,139.7909,140.4359,19985714
AAPL,2017-04-04,141.4717,141.589,139.9082,139.9864,19891354
AAPL,2017-04-05,140.7388,142.146,140.5336,140.9343,27717854
AAPL,2017-04-06,140.387,141.2274,140.1818,141.0027,21149034
AAPL,2017-04-07,140.0743,140.8952,140.0059,140.4554,16658543
AAPL,2017-04-10,139.9082,140.6012,139.6443,140.3284,18933397
AAPL,2017-04-11,138.4033,140.0841,136.869,139.6834,30379376
AAPL,2017-04-12,138.5694,138.9114,137.7974,138.374,20350000
AAPL,2017-04-13,137.8365,139.1362,137.8365,138.6769,17822880
AAPL,2017-04-17,138.5987,138.6476,137.6606,138.2567,16582094
AAPL,2017-04-18,137.9831,138.8039,137.8951,138.1883,14697544
AAPL,2017-04-19,137.4749,138.7648,137.2502,138.6476,17328375
AAPL,2017-04-20,139.1948,139.6639,137.944,138.0026,23319562
AAPL,2017-04-21,139.0287,139.4293,138.6183,139.1948,17320928
AAPL,2017-04-24,140.3675,140.6704,139.918,140.2307,17134333
AAPL,2017-04-25,141.2372,141.5988,140.5922,140.6313,18871501
AAPL,2017-04-26,140.4066,141.3056,140.1097,141.1786,20041241
AAPL,2017-04-27,140.5141,140.8756,140.045,140.6435,14246347
AAPL,2017-04-28,140.3772,141.0124,140.0059,140.8072,20860358
AAPL,2017-05-01,143.2405,143.8464,141.6574,141.7942,33602943
AAPL,2017-05-02,144.1493,144.7161,143.4946,144.1786,45352194
AAPL,2017-05-03,143.7096,144.1298,140.9831,142.273,45697034
AAPL,2017-05-04,143.1916,143.7877,142.488,143.1819,23371872
AAPL,2017-05-05,145.5663,145.5858,143.4164,143.4164,27327725
AAPL,2017-05-08,149.524,150.1983,145.6347,145.6347,48752413
AAPL,2017-05-09,150.4817,151.3514,149.954,150.3644,39130363
AAPL,2017-05-10,149.7683,150.4328,148.6445,150.1299,25805692
AAPL,2017-05-11,151.0636,151.1814,149.4544,149.5917,27255058
AAPL,2017-05-12,153.1733,153.4873,151.7701,151.7995,32527017
AAPL,2017-05-15,152.7808,153.713,152.143,153.085,26009719
AAPL,2017-05-16,152.5551,153.134,151.8192,153.0163,20048478
AAPL,2017-05-17,147.433,151.672,146.9031,150.7202,50767678
AAPL,2017-05-18,149.68,150.465,148.2965,148.4339,33568215
AAPL,2017-05-19,150.1903,151.093,149.7684,150.5043,26960788
AAPL,2017-05-22,151.1029,151.6818,150.0431,151.1127,22966437
AAPL,2017-05-23,150.9164,151.9958,150.4356,151.9958,19918871
AAPL,2017-05-24,150.465,151.2795,149.8076,150.9557,19219154
AAPL,2017-05-25,150.9851,151.4561,150.1609,150.8477,19235598
AAPL,2017-05-26,150.73,151.3482,150.4356,151.1127,21927637
AAPL,2017-05-30,150.7889,151.5346,150.4552,150.5435,20126851
AAPL,2017-05-31,149.8959,151.2795,149.523,151.0832,24451164
AAPL,2017-06-01,150.308,150.4552,149.366,150.2982,16404088
AAPL,2017-06-02,152.5355,152.5355,150.0235,150.7005,27770715
AAPL,2017-06-05,151.044,151.5542,150.5828,151.4463,25331662
AAPL,2017-06-06,151.5542,152.8887,150.8968,151.0145,26624926
AAPL,2017-06-07,152.457,153.0555,151.5837,152.1135,21069647
AAPL,2017-06-08,152.0841,152.6238,151.5052,152.3392,21250798
AAPL,2017-06-09,146.1868,152.2804,143.2823,152.2804,64882657
AAPL,2017-06-12,142.6935,143.351,139.8381,143.0075,72307330
AAPL,2017-06-13,143.8416,144.6855,142.4286,144.4009,34165445
AAPL,2017-06-14,142.4384,144.7345,141.1432,144.7345,31531232
AAPL,2017-06-15,141.5847,141.771,139.5437,140.6329,32165373
AAPL,2017-06-16,139.6026,141.7908,139.5339,141.0843,50361093
AAPL,2017-06-19,143.5963,143.9888,140.9665,140.9665,32541404
AAPL,2017-06-20,142.2912,144.1164,142.2225,144.1164,24900073
AAPL,2017-06-21,143.1351,143.3307,141.8987,142.7917,21265751
AAPL,2017-06-22,142.8996,143.9495,142.3991,143.037,19106294
AAPL,2017-06-23,143.5374,144.4009,142.3893,142.409,35439389
AAPL,2017-06-26,143.086,145.4999,142.6543,144.4107,25692361
AAPL,2017-06-27,141.0352,143.4197,140.9273,142.2912,24761891
AAPL,2017-06-28,143.0958,143.3706,140.476,141.781,22082432
AAPL,2017-06-29,140.9862,142.409,139.6124,141.9968,31499368
AAPL,2017-06-30,141.3198,142.2422,141.0843,141.7417,23024107
AAPL,2017-07-03,140.8095,142.5759,140.417,142.1637,14277848
AAPL,2017-07-05,141.3885,142.0753,140.0478,140.996,21569557
AAPL,2017-07-06,140.054,140.8095,139.74,140.3385,24128782
AAPL,2017-07-07,141.4768,142.0361,140.2208,140.2208,19201712
AAPL,2017-07-10,142.3403,143.2136,140.682,141.4081,21090636
AAPL,2017-07-11,142.8015,143.1155,141.673,142.0165,19781836
AAPL,2017-07-12,143.0075,143.4393,142.1048,143.1351,24884478
AAPL,2017-07-13,144.9995,145.706,142.7132,142.772,25199373
AAPL,2017-07-14,146.2457,146.5302,144.5677,145.1957,20132061
AAPL,2017-07-17,146.7559,148.0708,145.7845,146.0298,23793456
AAPL,2017-07-18,147.2662,147.3152,145.8826,146.4027,17868792
AAPL,2017-07-19,148.1885,148.581,147.1386,147.6587,20922969
AAPL,2017-07-20,147.5213,148.895,147.3741,148.6595,17243748
AAPL,2017-07-21,147.4526,147.6194,146.0887,147.1779,26252630
AAPL,2017-07-24,149.2385,149.5819,147.0895,147.7568,21493160
AAPL,2017-07-25,149.8763,150.9557,148.9539,148.9539,18853932
AAPL,2017-07-26,150.5828,151.044,150.1903,150.4749,15780951
AAPL,2017-07-27,147.7372,151.1029,144.5383,150.8674,32476337
AAPL,2017-07-28,146.697,147.4134,146.3929,147.0797,17213653
AAPL,2017-07-31,145.9415,147.5115,145.3527,147.0895,19845920
AAPL,2017-08-01,155.6166,155.9404,153.7327,154.1153,21194042
AAPL,2017-08-02,154.1938,156.7549,153.2322,156.2937,69936800
AAPL,2017-08-03,152.6532,154.2625,152.1135,154.1055,27097296
AAPL,2017-08-04,153.4579,154.4489,152.771,153.1439,20559852
AAPL,2017-08-07,155.8325,155.9404,153.7327,154.1153,21870321
AAPL,2017-08-08,157.0787,158.7959,155.3026,155.6264,36205896
AAPL,2017-08-09,158.0403,158.2464,156.1269,156.2741,26131530
AAPL,2017-08-10,153.0065,157.6168,152.3268,157.5183,40804273
AAPL,2017-08-11,155.1343,156.2108,153.7453,154.2674,26257096
AAPL,2017-08-14,157.469,157.8236,156.3854,156.9469,22122734
AAPL,2017-08-15,159.1929,159.7791,157.7547,158.2669,29465487
AAPL,2017-08-16,158.5526,160.0894,157.7645,159.5279,27671612
AAPL,2017-08-17,155.5086,158.3162,155.4889,158.129,27940565
AAPL,2017-08-18,155.154,157.1242,154.3856,155.5086,27428069
AAPL,2017-08-21,154.8683,155.5382,152.7997,155.154,26368528
AAPL,2017-08-22,157.4,157.6168,155.6663,155.8731,21604585
AAPL,2017-08-23,157.5971,158.0798,156.5135,156.7006,19399081
AAPL,2017-08-24,156.8976,158.3458,156.1884,158.0404,19818918
AAPL,2017-08-25,157.4789,158.1684,156.8976,157.272,25480063
AAPL,2017-08-28,159.0649,159.587,157.5478,157.7547,25965972
AAPL,2017-08-29,160.4834,160.6903,157.6168,157.7153,29516910
AAPL,2017-08-30,160.9169,161.4488,160.1879,161.3602,27269584
AAPL,2017-08-31,161.5572,162.0694,161.0449,161.2026,26785096
AAPL,2017-09-01,161.6064,162.4832,161.1927,162.3453,16591051
AAPL,2017-09-05,159.6658,161.8035,158.1684,161.3109,29536314
AAPL,2017-09-06,159.4983,160.5622,158.129,160.2864,21651726
AAPL,2017-09-07,158.858,159.8234,157.9714,159.6756,21928502
AAPL,2017-09-08,156.2672,158.7496,156.1687,158.464,28611535
AAPL,2017-09-11,159.0944,159.6362,157.5084,158.1093,31580798
AAPL,2017-09-12,158.464,161.5178,156.4051,160.1879,71714046
AAPL,2017-09-13,157.272,157.5774,155.5579,157.4887,44907361
AAPL,2017-09-14,155.9224,157.0257,155.7352,156.6218,23760749
AAPL,2017-09-15,157.4986,158.5723,155.6466,156.1096,49114602
AAPL,2017-09-18,156.3066,158.1093,155.6416,157.7251,28269435
AAPL,2017-09-19,156.3657,157.3902,156.08,157.1341,20810632
AAPL,2017-09-20,153.7453,155.9027,151.5387,155.5481,52951364
AAPL,2017-09-21,151.1052,153.4793,150.4748,153.4793,37511661
AAPL,2017-09-22,149.6276,150.0019,148.3174,149.7556,46645443
AAPL,2017-09-25,148.3075,149.5685,146.9382,147.7559,44387336
AAPL,2017-09-26,150.859,151.6273,149.4306,149.5192,36660045
AAPL,2017-09-27,151.9327,152.4143,151.253,151.5091,25504227
AAPL,2017-09-28,150.9969,151.982,150.4255,151.5978,22005455
AAPL,2017-09-29,151.8244,151.8342,149.7359,150.9279,26299810
AAPL,2017-10-02,151.519,152.1494,150.4452,151.9623,18698842
AAPL,2017-10-03,152.179,152.7799,151.6175,151.716,16230293
AAPL,2017-10-04,151.1939,151.5682,150.1891,151.3417,20163750
AAPL,2017-10-05,153.0754,153.1247,151.7554,151.8835,21283769
AAPL,2017-10-06,152.9868,153.1739,152.2578,152.6617,17407558
AAPL,2017-10-09,153.5187,154.3955,153.169,153.4892,16262923
AAPL,2017-10-10,153.5778,155.6466,152.7898,153.7305,15617014
AAPL,2017-10-11,154.2182,154.6418,153.4301,153.6468,16905640
AAPL,2017-10-12,153.6764,155.0259,153.4103,154.0211,16125054
AAPL,2017-10-13,154.6516,154.9373,154.0802,154.3955,16394188
AAPL,2017-10-16,157.4986,157.6168,155.3018,155.5481,24121452
AAPL,2017-10-17,158.0798,158.4738,156.8582,157.4,18997275
AAPL,2017-10-18,157.3803,158.3162,157.2227,158.0305,16374164
AAPL,2017-10-19,153.6567,154.7403,152.7109,154.4152,42584166
AAPL,2017-10-20,153.9226,155.4003,153.6369,154.2773,23974146
AAPL,2017-10-23,153.8438,155.3412,153.1838,154.5531,21984327
AAPL,2017-10-24,154.76,155.0752,153.8734,153.962,17757230
AAPL,2017-10-25,154.0802,155.2033,152.9572,154.5728,21207098
AAPL,2017-10-26,155.0654,155.4786,154.4447,154.888,17000469
AAPL,2017-10-27,160.6213,161.1632,156.3361,156.9173,44454160
AAPL,2017-10-30,164.2367,165.5666,161.2814,161.4488,44700772
AAPL,2017-10-31,166.5221,167.1229,164.4534,165.3991,36046828
AAPL,2017-11-01,164.4041,167.4087,163.1432,167.3398,33637762
AAPL,2017-11-02,165.606,165.9902,162.8181,165.143,41393373
AAPL,2017-11-03,169.9306,171.6644,168.5711,171.4082,59398631
AAPL,2017-11-06,171.6545,172.3835,169.1622,169.7976,35026306
AAPL,2017-11-07,172.2062,172.6396,171.0142,171.3196,24361485
AAPL,2017-11-08,173.6149,173.6149,171.7333,172.0584,24409527
AAPL,2017-11-09,173.2602,173.472,170.561,172.5017,29185668
AAPL,2017-11-10,172.6868,173.3888,172.2914,173.1218,25145500
AAPL,2017-11-13,171.9948,172.5188,171.4312,171.5301,16982080
AAPL,2017-11-14,169.3946,171.5103,169.2364,171.0753,24782487
AAPL,2017-11-15,167.1603,168.3859,166.4682,168.0402,29158070
AAPL,2017-11-16,169.1574,169.9186,168.3664,169.2364,23637484
AAPL,2017-11-17,168.2181,169.4441,167.7139,169.098,21899544
AAPL,2017-11-20,168.0501,168.6235,167.6348,168.3566,16262447
AAPL,2017-11-21,171.1742,171.7278,168.841,168.841,25131295
AAPL,2017-11-22,172.9735,173.0131,171.0852,171.3917,25588925
AAPL,2017-11-24,172.9834,173.5074,172.663,173.1119,14026673
AAPL,2017-11-27,172.1134,173.0922,171.3719,173.0625,20716802
AAPL,2017-11-28,171.105,172.8846,169.9087,172.321,26428802
AAPL,2017-11-29,167.5558,170.9567,165.2621,170.67,41666364
AAPL,2017-11-30,169.8988,170.1855,166.5276,168.495,41527218
AAPL,2017-12-01,169.1079,169.7209,166.5869,168.0204,39759288
AAPL,2017-12-04,167.8721,170.6601,167.704,170.5217,32542385
AAPL,2017-12-05,167.7139,169.5726,166.488,167.1405,27350154
AAPL,2017-12-06,167.0911,168.2722,164.57,165.5982,28560000
AAPL,2017-12-07,167.3976,168.5049,166.9922,167.1109,25673308
AAPL,2017-12-08,167.447,169.0585,166.9032,168.5543,23355231
AAPL,2017-12-11,170.7095,170.927,166.8736,167.2789,35273759
AAPL,2017-12-12,169.7505,170.4327,169.5143,170.1954,19409230
AAPL,2017-12-13,170.3141,171.5697,170.0471,170.5415,23818447
AAPL,2017-12-14,170.2646,171.1643,169.7011,170.4426,20476541
AAPL,2017-12-15,171.9948,172.1925,170.5019,171.6586,40169307
AAPL,2017-12-18,174.417,175.1881,172.8747,172.8944,29421114
AAPL,2017-12-19,172.5583,173.3987,172.1134,173.0427,27436447
AAPL,2017-12-20,172.3705,173.4283,171.2829,172.8846,23475649
AAPL,2017-12-21,173.023,174.0215,172.1233,172.1925,20949896
AAPL,2017-12-22,173.023,173.4323,172.5188,172.6967,16349444
AAPL,2017-12-26,168.6334,169.5232,167.7525,168.8608,33185536
AAPL,2017-12-27,168.663,168.841,167.7831,168.1687,21498213
AAPL,2017-12-28,169.1376,169.8988,168.5444,169.0585,16480187
AAPL,2017-12-29,167.3086,168.6531,167.2987,168.5839,25999922
AAPL,2018-01-02,170.3042,170.3437,167.3382,168.228,25555934
AAPL,2018-01-03,170.2745,172.5682,170.0076,170.5711,29517899
AAPL,2018-01-04,171.0654,171.5005,170.1262,170.581,22434597
AAPL,2018-01-05,173.0131,173.3789,171.0852,171.4708,23660018
AAPL,2018-01-08,172.3705,173.6162,171.9552,172.3705,20567766
AAPL,2018-01-09,172.3507,173.0724,171.4411,172.5682,21583997
AAPL,2018-01-10,172.3111,172.321,171.0358,171.194,23959895
AAPL,2018-01-11,173.2899,173.4961,172.5089,172.6077,18667729
AAPL,2018-01-12,175.0794,175.3463,173.6557,174.1797,25418080
AAPL,2018-01-16,174.1896,177.3532,174.1401,175.8802,29565947
AAPL,2018-01-17,177.0665,177.2148,173.0823,174.15,34386836
AAPL,2018-01-18,177.2247,178.0552,176.2262,177.3335,31193352
AAPL,2018-01-19,176.4338,177.5411,175.3957,176.5821,32425067
AAPL,2018-01-22,174.9904,175.7615,174.5965,175.287,27108551
AAPL,2018-01-23,175.0299,177.4027,174.8124,175.287,32689146
AAPL,2018-01-24,172.2419,175.287,171.2335,175.2375,51105090
AAPL,2018-01-25,169.1672,172.9636,168.5938,172.5237,41529004
AAPL,2018-01-26,169.5627,170.0471,168.1292,170.0471,39143011
AAPL,2018-01-29,166.053,168.228,165.1731,168.228,50640406
AAPL,2018-01-30,165.0743,165.4697,162.83,163.6457,46048185
AAPL,2018-01-31,165.529,166.5292,164.6096,164.9754,32478930
AAPL,2018-02-01,165.8751,166.7055,164.8666,165.267,47230787
AAPL,2018-02-02,158.6777,164.9062,158.2823,164.1153,86593825
AAPL,2018-02-05,154.7132,162.0193,154.2288,157.2936,72738522
AAPL,2018-02-06,161.179,161.8611,152.2515,153.0721,68243838
AAPL,2018-02-07,157.7286,161.5448,157.2625,161.2334,51608580
AAPL,2018-02-08,153.3885,159.172,153.2698,158.4701,54390516
AAPL,2018-02-09,155.2647,156.7338,149.1399,155.9198,70672608
AAPL,2018-02-12,161.5185,162.6899,156.3566,157.3394,60819539
AAPL,2018-02-13,163.1366,163.5436,160.4663,160.7641,32549163
AAPL,2018-02-14,166.1444,166.3132,161.6873,161.8511,40644933
AAPL,2018-02-15,171.7233,171.8225,167.7625,168.5467,51147171
AAPL,2018-02-16,171.1674,173.5399,170.5122,171.0979,40176091
AAPL,2018-02-20,170.5916,172.984,170.1648,170.7902,33930540
AAPL,2018-02-21,169.8173,172.845,169.7578,171.5644,37471623
AAPL,2018-02-22,171.2369,172.6762,170.4526,170.542,30991940
AAPL,2018-02-23,174.2149,174.3638,172.2692,172.3983,33812360
AAPL,2018-02-26,177.6595,178.0764,174.9197,175.0587,38162174
AAPL,2018-02-27,177.0837,179.1584,176.8554,177.7885,38928125
AAPL,2018-02-28,176.8157,179.2924,176.7462,177.9474,37782138
AAPL,2018-03-01,173.7185,178.4586,171.3957,177.2326,48801970
AAPL,2018-03-02,174.9197,175.009,171.1872,171.5347,38453950
AAPL,2018-03-05,175.5252,176.4385,173.2421,173.927,28401366
AAPL,2018-03-06,175.3763,176.9448,174.8403,176.6072,23788506
AAPL,2018-03-07,173.7483,174.5623,172.9939,173.659,31703462
AAPL,2018-03-08,175.6443,175.823,173.788,174.195,23774107
AAPL,2018-03-09,178.6621,178.6819,176.091,176.6569,32185162
AAPL,2018-03-12,180.3893,181.0544,178.8904,178.9698,32207081
AAPL,2018-03-13,178.6522,182.1563,177.9275,181.253,31693529
AAPL,2018-03-14,177.1334,179.1981,176.508,178.9996,29368356
AAPL,2018-03-15,177.3418,178.9202,176.7662,177.1929,22743798
AAPL,2018-03-16,176.7164,177.8084,176.3194,177.3418,39404688
AAPL,2018-03-19,174.0164,176.1705,172.3884,176.0216,33446771
AAPL,2018-03-20,173.9568,175.5054,173.659,173.9568,19649350
AAPL,2018-03-21,170.0159,173.8079,170.0059,173.7583,37054935
AAPL,2018-03-22,167.6136,171.4155,167.3654,168.7552,41490767
AAPL,2018-03-23,163.7322,168.6757,163.7322,167.157,41028784
AAPL,2018-03-26,171.5049,171.8325,165.2212,166.8393,37541236
AAPL,2018-03-27,167.1073,173.8675,165.6977,172.4082,40922579
AAPL,2018-03-28,165.2609,168.775,163.9804,166.0253,41668545
AAPL,2018-03-29,166.5514,170.4923,165.6779,166.5762,38398505
AAPL,2018-04-02,165.4595,167.7029,163.2657,166.6507,37586791
AAPL,2018-04-03,167.157,167.5098,163.6727,166.4124,30278046
AAPL,2018-04-04,170.3534,170.7504,163.5635,163.6727,34605489
AAPL,2018-04-05,171.5347,172.9546,170.8199,171.3163,26933197
AAPL,2018-04-06,167.147,171.217,166.9683,169.7181,35005290
AAPL,2018-04-09,168.8048,171.8225,168.6013,168.636,29017718
AAPL,2018-04-10,171.9814,172.7259,170.274,171.7332,28614241
AAPL,2018-04-11,171.1773,172.6496,170.4427,170.9688,22431640
AAPL,2018-04-12,172.8648,173.7185,171.7729,172.1402,22889285
AAPL,2018-04-13,173.4505,174.5524,172.577,173.5002,25124255
AAPL,2018-04-16,174.5325,174.8998,173.5499,173.7484,21578420
AAPL,2018-04-17,176.9348,177.6262,175.1182,175.1976,26605442
AAPL,2018-04-18,176.5378,177.5106,175.5848,176.508,20754538
AAPL,2018-04-19,171.5347,174.1057,171.3957,173.6689,34808800
AAPL,2018-04-20,164.5065,169.9646,164.2186,169.3458,65491140
AAPL,2018-04-23,164.03,165.6977,162.8884,165.6131,36515477
AAPL,2018-04-24,161.7469,165.112,160.0396,164.4569,33692017
AAPL,2018-04-25,162.4517,164.2087,161.2207,161.4292,28382084
AAPL,2018-04-26,163.0175,164.5164,162.1737,162.9182,27963014
AAPL,2018-04-27,161.1314,163.1267,159.4538,162.7991,35655839
AAPL,2018-04-30,164.0499,166.0352,160.6549,160.943,42427424
AAPL,2018-05-01,167.8618,167.961,164.0598,165.1916,53569376
AAPL,2018-05-02,175.2771,176.4484,172.5273,173.9419,66539371
AAPL,2018-05-03,175.5947,176.2002,173.1637,174.5921,34068180
AAPL,2018-05-04,182.4839,182.9008,176.8653,176.9448,56201317
AAPL,2018-05-07,183.8042,186.2958,183.3972,183.824,42451423
AAPL,2018-05-08,184.6876,184.8564,182.3201,183.6354,28402777
AAPL,2018-05-09,185.988,186.0277,183.8637,185.184,23211241
AAPL,2018-05-10,188.6484,188.976,186.2759,186.3653,27989289
AAPL,2018-05-11,187.9309,189.3957,186.7949,188.8277,26212221
AAPL,2018-05-14,187.4924,188.8676,187.2034,188.3494,20778772
AAPL,2018-05-15,185.7884,186.4162,184.4531,186.1272,23695159
AAPL,2018-05-16,187.5223,187.8013,185.3499,185.4197,19183064
AAPL,2018-05-17,186.3365,188.2498,185.7087,187.3429,17294029
AAPL,2018-05-18,185.6588,187.1538,185.4795,186.5358,18297728
AAPL,2018-05-21,186.9742,188.6085,186.2573,187.3429,18400787
AAPL,2018-05-22,186.5059,188.2199,186.1272,187.7166,15240704
AAPL,2018-05-23,187.7017,187.8412,185.1108,185.6987,20058415
AAPL,2018-05-24,187.4924,188.18,185.5592,188.1102,23233975
AAPL,2018-05-25,187.9209,188.9872,186.9942,187.5721,17460963
AAPL,2018-05-29,187.2433,188.0903,186.2169,186.9443,22514075
AAPL,2018-05-30,186.8447,187.3429,186.1272,187.0639,18690547
AAPL,2018-05-31,186.2169,187.5721,185.4894,186.5657,27482793
AAPL,2018-06-01,189.5751,189.595,187.0938,187.3342,23442510
AAPL,2018-06-04,191.1596,192.744,190.6812,190.9652,26266174
AAPL,2018-06-05,192.6344,193.2622,191.6877,192.3902,21565963
AAPL,2018-06-06,193.302,193.4017,191.2492,192.9533,20933619
AAPL,2018-06-07,192.7839,193.5213,191.6628,193.4615,21347180
AAPL,2018-06-08,191.03,191.329,189.1068,190.5019,26656799
AAPL,2018-06-11,190.5617,191.2991,189.5452,190.6812,18308460
AAPL,2018-06-12,191.608,191.9378,190.4819,190.7161,16911141
AAPL,2018-06-13,190.0335,192.2059,189.7744,191.7475,21638393
AAPL,2018-06-14,190.1332,190.9005,189.5552,190.8805,21610074
AAPL,2018-06-15,188.18,189.4954,187.602,189.3658,61719160
AAPL,2018-06-18,188.0804,188.5587,186.5457,187.2234,18484865
AAPL,2018-06-19,185.041,185.6788,182.8088,184.4929,33578455
AAPL,2018-06-20,185.8482,186.5457,185.0809,185.6987,20628701
AAPL,2018-06-21,184.8118,187.6917,184.2936,186.5956,25711898
AAPL,2018-06-22,184.2737,185.4994,184.0545,185.4695,27200447
AAPL,2018-06-25,181.5333,184.2737,180.0983,182.759,31663096
AAPL,2018-06-26,183.7854,185.8781,181.902,182.3504,24569201
AAPL,2018-06-27,183.5164,186.6255,183.3868,184.5804,25285328
AAPL,2018-06-28,184.8517,185.5592,183.1576,183.4566,17365235
AAPL,2018-06-29,184.463,186.5358,182.2707,185.6389,22737666
AAPL,2018-07-02,186.5258,186.6454,182.7789,183.1775,17731343
AAPL,2018-07-03,183.2772,187.2931,182.8985,187.1337,13954806
AAPL,2018-07-05,184.752,185.7585,183.6359,184.6125,16604248
AAPL,2018-07-06,187.313,187.7754,184.5527,184.772,17485245
AAPL,2018-07-09,189.9139,190.0136,188.6384,188.8377,19756634
AAPL,2018-07-10,189.6847,190.6115,189.5154,190.0435,15939149
AAPL,2018-07-11,187.2234,189.1166,186.9543,187.8412,18831470
AAPL,2018-07-12,190.3623,190.741,188.6484,188.8676,18041131
AAPL,2018-07-13,190.6613,191.1695,190.2328,190.4122,12519792
AAPL,2018-07-16,190.2428,191.9767,189.7495,190.8506,15043110
AAPL,2018-07-17,190.7809,191.1994,188.5387,189.0868,15534523
AAPL,2018-07-18,189.7346,191.1297,189.2662,191.1097,16393381
AAPL,2018-07-19,191.2094,191.877,189.027,189.027,20286752
AAPL,2018-07-20,190.7709,191.7575,189.5054,191.1097,20706042
AAPL,2018-07-23,190.9403,191.2891,188.8975,190.0136,15989365
AAPL,2018-07-24,192.3255,192.9833,191.3788,191.7774,18697898
AAPL,2018-07-25,194.1391,194.169,191.7575,192.3855,16826483
AAPL,2018-07-26,193.5312,195.2751,192.9333,193.9298,19075964
AAPL,2018-07-27,190.3125,194.5078,189.4356,194.3085,24023972
AAPL,2018-07-30,189.2463,191.5283,188.4092,191.2293,21029535
AAPL,2018-07-31,189.6249,191.4685,188.6783,189.6349,39373038
AAPL,2018-08-01,200.7958,201.0548,196.6204,198.434,67935716
AAPL,2018-08-02,206.6652,207.6517,199.6498,199.879,62404012
AAPL,2018-08-03,207.2631,208.0105,204.7621,206.3064,33447396
AAPL,2018-08-06,208.3393,208.5187,206.3463,207.273,25425387
AAPL,2018-08-07,206.3862,208.7678,206.0374,208.5884,25587387
AAPL,2018-08-08,206.5257,207.0837,203.8052,205.3299,22525487
AAPL,2018-08-09,208.15,209.0468,206.4758,206.5556,23492626
AAPL,2018-08-10,207.53,209.1,206.67,207.36,24611202
AAPL,2018-08-13,208.87,210.952,207.7,207.7,25890880
AAPL,2018-08-14,209.75,210.56,208.26,210.155,20748010
AAPL,2018-08-15,210.24,210.74,208.33,209.22,28807564
AAPL,2018-08-16,213.32,213.8121,211.47,211.75,28500367
AAPL,2018-08-17,217.58,217.95,213.16,213.44,35426997
AAPL,2018-08-20,215.46,219.18,215.11,218.1,30287695
AAPL,2018-08-21,215.04,217.19,214.025,216.8,26159755
AAPL,2018-08-22,215.05,216.36,213.84,214.1,19018131
AAPL,2018-08-23,215.49,217.05,214.6,214.65,18883224
AAPL,2018-08-24,216.16,216.9,215.11,216.6,18476356
AAPL,2018-08-27,217.94,218.74,216.33,217.15,20525117
AAPL,2018-08-28,219.7,220.54,218.92,219.01,22776766
AAPL,2018-08-29,222.98,223.49,219.41,220.15,27254804
AAPL,2018-08-30,225.03,228.26,222.4,223.25,48793824
AAPL,2018-08-31,227.63,228.87,226,226.51,43340134
AAPL,2018-09-04,228.36,229.18,226.63,228.41,27390132
AAPL,2018-09-05,226.87,229.67,225.1,228.99,33332960
AAPL,2018-09-06,223.1,227.35,221.3,226.23,34289976
AAPL,2018-09-07,221.3,225.37,220.71,221.85,37619810
AAPL,2018-09-10,218.33,221.85,216.47,220.95,39516453
AAPL,2018-09-11,223.85,224.299,216.56,218.01,35749049
AAPL,2018-09-12,221.07,225,219.84,224.94,49278740
AAPL,2018-09-13,226.41,228.35,222.57,223.52,41706377
AAPL,2018-09-14,223.84,226.84,222.522,225.75,31999289
AAPL,2018-09-17,217.88,222.95,217.27,222.15,37195133
AAPL,2018-09-18,218.24,221.85,217.12,217.79,31571712
AAPL,2018-09-19,218.37,219.62,215.3,218.5,27123833
AAPL,2018-09-20,220.03,222.28,219.15,220.24,26608794
AAPL,2018-09-21,217.66,221.36,217.29,220.78,96246748
AAPL,2018-09-24,220.79,221.26,216.63,216.82,27693358
AAPL,2018-09-25,222.19,222.82,219.7,219.75,24554379
AAPL,2018-09-26,220.42,223.75,219.76,221,23984706
AAPL,2018-09-27,224.95,226.44,223.54,223.82,30181227
AAPL,2018-09-28,225.74,225.84,224.02,224.79,22929364
AAPL,2018-10-01,227.26,229.42,226.35,227.95,23600802
AAPL,2018-10-02,229.28,230,226.63,227.25,24788170
AAPL,2018-10-03,232.07,233.47,229.78,230.05,28654799
AAPL,2018-10-04,227.99,232.35,226.73,230.78,32042000
AAPL,2018-10-05,224.29,228.41,220.58,227.96,33580463
