symbol,begins_at,close_price,high_price,interpolated,low_price,open_price,session,volume
F,2013-10-07,13.0869,13.1959,False,13.0869,13.1258,reg,30310095
F,2013-10-08,12.8455,13.118,False,12.8066,13.1025,reg,45571503
F,2013-10-09,12.939,13.0324,False,12.7288,12.8533,reg,50821049
F,2013-10-10,13.1803,13.2348,False,13.1025,13.1336,reg,46907526
F,2013-10-11,13.3204,13.3282,False,13.1414,13.2504,reg,30799401
F,2013-10-14,13.3749,13.4294,False,13.1725,13.1803,reg,31205665
F,2013-10-15,13.2114,13.3983,False,13.1959,13.3749,reg,39223865
F,2013-10-16,13.4606,13.4606,False,13.2582,13.2971,reg,33045989
F,2013-10-17,13.5929,13.6163,False,13.4216,13.4216,reg,26850557
F,2013-10-18,13.6474,13.663,False,13.5696,13.6396,reg,23007267
F,2013-10-21,13.6241,13.7019,False,13.554,13.6941,reg,22146804
F,2013-10-22,13.7019,13.7642,False,13.5773,13.663,reg,30053047
F,2013-10-23,13.6396,13.7876,False,13.5384,13.7486,reg,45360882
F,2013-10-24,13.8265,14.0289,False,13.7331,14.0211,reg,71305135
F,2013-10-25,13.7019,13.8965,False,13.5618,13.8888,reg,47471182
F,2013-10-28,13.6786,13.7953,False,13.6396,13.7486,reg,37125608
F,2013-10-29,13.7097,13.7175,False,13.554,13.6786,reg,36910437
F,2013-10-30,13.5766,13.8115,False,13.5061,13.7958,reg,39727514
F,2013-10-31,13.3965,13.5688,False,13.3887,13.5375,reg,38648221
F,2013-11-01,13.2243,13.4983,False,13.1225,13.4983,reg,52484476
F,2013-11-04,13.3104,13.3182,False,13.1381,13.2869,reg,33960456
F,2013-11-05,13.3809,13.42,False,13.1793,13.2243,reg,43517900
F,2013-11-06,13.2399,13.467,False,13.1929,13.4357,reg,37028666
F,2013-11-07,12.9581,13.2478,False,12.9424,13.2399,reg,47489407
F,2013-11-08,13.1929,13.2086,False,13.005,13.0442,reg,38921709
F,2013-11-11,13.2243,13.42,False,13.099,13.2086,reg,29551795
F,2013-11-12,13.0912,13.1929,False,13.0442,13.1538,reg,31420839
F,2013-11-13,13.3887,13.3887,False,13.0285,13.0441,reg,39108962
F,2013-11-14,13.3809,13.467,False,13.3182,13.4043,reg,35497097
F,2013-11-15,13.3652,13.4279,False,13.3072,13.4122,reg,33105205
F,2013-11-18,13.2947,13.4513,False,13.2478,13.3652,reg,31231282
F,2013-11-19,13.2086,13.3339,False,13.1695,13.3026,reg,26841783
F,2013-11-20,13.2478,13.373,False,13.1851,13.2243,reg,31087637
F,2013-11-21,13.3809,13.4278,False,13.2947,13.3182,reg,33051191
F,2013-11-22,13.3182,13.42,False,13.3104,13.4043,reg,29794776
F,2013-11-25,13.2634,13.42,False,13.2556,13.3887,reg,25129544
F,2013-11-26,13.2086,13.3495,False,13.1929,13.3495,reg,26440554
F,2013-11-27,13.3339,13.3809,False,13.1616,13.2008,reg,31559712
F,2013-11-29,13.373,13.4513,False,13.3417,13.3574,reg,14918840
F,2013-12-02,13.3574,13.467,False,13.3339,13.4043,reg,27749579
F,2013-12-03,12.9659,13.467,False,12.8563,13.3495,reg,74867006
F,2013-12-04,13.0129,13.1225,False,12.9111,13.005,reg,40104004
F,2013-12-05,13.1068,13.2008,False,12.9346,13.0442,reg,44793782
F,2013-12-06,13.0755,13.2712,False,13.009,13.2478,reg,33263140
F,2013-12-09,12.9659,13.146,False,12.9189,13.0598,reg,34379294
F,2013-12-10,12.9424,13.0677,False,12.9267,12.9502,reg,30523595
F,2013-12-11,12.8484,13.005,False,12.7858,12.9502,reg,37848806
F,2013-12-12,12.8328,12.8876,False,12.684,12.8093,reg,30945439
F,2013-12-13,12.9894,13.146,False,12.8876,12.8954,reg,48535508
F,2013-12-16,13.2008,13.2634,False,13.0833,13.0912,reg,38001844
F,2013-12-17,13.0755,13.3026,False,13.0442,13.2008,reg,40555838
F,2013-12-18,12.2534,12.5274,False,11.8776,12.5196,reg,220362796
F,2013-12-19,11.9794,12.1359,False,11.9402,12.1046,reg,84659737
F,2013-12-20,12.0733,12.1359,False,11.995,12.0185,reg,61508271
F,2013-12-23,11.8619,12.1359,False,11.8384,12.1281,reg,59222326
F,2013-12-24,11.8932,11.9245,False,11.8228,11.9011,reg,22642196
F,2013-12-26,12.0028,12.0107,False,11.9167,11.9245,reg,24966315
F,2013-12-27,11.9794,12.0185,False,11.9402,12.0185,reg,21841879
F,2013-12-30,11.9637,12.0733,False,11.9402,12.0263,reg,32838079
F,2013-12-31,12.0811,12.0811,False,11.948,11.9715,reg,27836412
F,2014-01-02,12.089,12.0968,False,11.9637,12.0733,reg,31544161
F,2014-01-03,12.1438,12.2456,False,11.9794,12.1516,reg,46128798
F,2014-01-06,12.1986,12.3395,False,12.1516,12.3082,reg,42672711
F,2014-01-07,12.042,12.3239,False,12.0185,12.316,reg,54797493
F,2014-01-08,12.1673,12.3004,False,12.1438,12.2142,reg,48519024
F,2014-01-09,12.4022,12.5431,False,12.3473,12.3943,reg,68016443
F,2014-01-10,12.5822,12.6136,False,12.4804,12.5353,reg,45141418
F,2014-01-13,12.6136,12.9424,False,12.5901,12.8171,reg,57736069
F,2014-01-14,12.8406,12.8641,False,12.6605,12.7701,reg,44158912
F,2014-01-15,13.0755,13.099,False,12.8015,12.8171,reg,64167826
F,2014-01-16,13.099,13.1225,False,12.9659,13.052,reg,38469015
F,2014-01-17,12.9346,13.1381,False,12.8798,13.1381,reg,37283693
F,2014-01-21,12.8484,13.0598,False,12.8093,13.0285,reg,35695984
F,2014-01-22,12.9581,13.0129,False,12.8171,12.8719,reg,28873495
F,2014-01-23,12.8641,12.9424,False,12.7701,12.9111,reg,37967030
F,2014-01-24,12.3943,12.6918,False,12.3552,12.6762,reg,66257584
F,2014-01-27,12.3004,12.457,False,12.1516,12.4491,reg,51362330
F,2014-01-28,12.3082,12.5353,False,12.1438,12.5039,reg,57854595
F,2014-01-29,12.0438,12.2569,False,11.9965,12.2174,reg,52359616
F,2014-01-30,12.0359,12.1938,False,11.9807,12.178,reg,32712080
F,2014-01-31,11.807,11.9175,False,11.7597,11.9096,reg,64223473
F,2014-02-03,11.4834,11.8386,False,11.3651,11.8386,reg,92458982
F,2014-02-04,11.736,11.7834,False,11.4045,11.4992,reg,55444561
F,2014-02-05,11.6255,11.7834,False,11.444,11.7834,reg,45571821
F,2014-02-06,11.7202,11.7202,False,11.4677,11.4992,reg,47659208
F,2014-02-07,11.8149,11.9412,False,11.7912,11.7912,reg,38649934
F,2014-02-10,11.7123,11.886,False,11.665,11.8781,reg,36280458
F,2014-02-11,11.807,11.8465,False,11.6965,11.7676,reg,43604028
F,2014-02-12,11.8386,11.9333,False,11.8307,11.9096,reg,30597596
F,2014-02-13,11.9017,11.9096,False,11.7439,11.7597,reg,27131381
F,2014-02-14,12.028,12.1227,False,11.8623,11.9333,reg,34400611
F,2014-02-18,12.1464,12.1938,False,12.0596,12.1385,reg,32322743
F,2014-02-19,12.0359,12.2253,False,12.0043,12.0833,reg,26345821
F,2014-02-20,12.0517,12.0754,False,11.957,12.0517,reg,20654509
F,2014-02-21,11.9649,12.0833,False,11.9254,12.0517,reg,30089853
F,2014-02-24,11.9807,12.1227,False,11.9333,11.9807,reg,30629450
F,2014-02-25,11.957,12.0675,False,11.9254,12.0043,reg,26479906
F,2014-02-26,12.0438,12.1981,False,11.8938,11.9491,reg,34966174
F,2014-02-27,12.1464,12.178,False,11.9649,12.0122,reg,25822500
F,2014-02-28,12.1464,12.1622,False,12.0201,12.0991,reg,35692576
F,2014-03-03,11.9965,12.0912,False,11.8623,11.9965,reg,42830040
F,2014-03-04,12.1306,12.1464,False,12.0478,12.0991,reg,33116978
F,2014-03-05,12.3358,12.3674,False,12.1227,12.1385,reg,33000463
F,2014-03-06,12.3674,12.4937,False,12.3595,12.4069,reg,26660880
F,2014-03-07,12.3279,12.47,False,12.2648,12.4069,reg,23726212
F,2014-03-10,12.2411,12.3437,False,12.1938,12.2332,reg,30529475
F,2014-03-11,12.0754,12.249,False,11.9728,12.2253,reg,34681984
F,2014-03-12,12.1543,12.1701,False,11.957,12.028,reg,31278451
F,2014-03-13,11.9807,12.2017,False,11.9175,12.2017,reg,34344086
F,2014-03-14,11.9017,12.0359,False,11.886,11.9807,reg,26943258
F,2014-03-17,12.0596,12.0991,False,11.9649,11.9807,reg,26929074
F,2014-03-18,12.2253,12.2885,False,12.0596,12.0675,reg,28324233
F,2014-03-19,12.2174,12.2727,False,12.1148,12.2411,reg,24374283
F,2014-03-20,12.2727,12.2727,False,12.1306,12.1938,reg,21203080
F,2014-03-21,12.2095,12.4226,False,12.1938,12.4147,reg,31763321
F,2014-03-24,12.1464,12.2648,False,12.0754,12.2174,reg,27033551
F,2014-03-25,12.0991,12.2017,False,12.0675,12.1701,reg,24656682
F,2014-03-26,12.0359,12.1859,False,12.0201,12.1385,reg,24444055
F,2014-03-27,12.0359,12.1385,False,11.9728,12.0359,reg,28244793
F,2014-03-28,12.1938,12.2964,False,12.0833,12.0912,reg,36615051
F,2014-03-31,12.3121,12.3358,False,12.2174,12.3121,reg,27054549
F,2014-04-01,12.8804,12.987,False,12.3674,12.3674,reg,84938937
F,2014-04-02,12.9909,13.0146,False,12.7462,12.8252,reg,39898988
F,2014-04-03,12.9356,13.0146,False,12.8962,12.9909,reg,26108319
F,2014-04-04,12.7304,13.0146,False,12.7147,13.0146,reg,30524895
F,2014-04-07,12.5805,12.762,False,12.5174,12.691,reg,28112902
F,2014-04-08,12.7068,12.7541,False,12.5647,12.6199,reg,26836366
F,2014-04-09,12.5016,12.6949,False,12.4305,12.6278,reg,36882845
F,2014-04-10,12.3358,12.5568,False,12.3043,12.5489,reg,31254932
F,2014-04-11,12.3358,12.5726,False,12.3121,12.47,reg,39337243
F,2014-04-14,12.3911,12.4463,False,12.2569,12.4147,reg,20414693
F,2014-04-15,12.5016,12.5331,False,12.3595,12.4463,reg,28666175
F,2014-04-16,12.6831,12.6831,False,12.5489,12.5805,reg,21861208
F,2014-04-17,12.6278,12.7067,False,12.6199,12.6199,reg,17657937
F,2014-04-21,12.6121,12.691,False,12.5489,12.6357,reg,24911768
F,2014-04-22,12.7068,12.7699,False,12.5726,12.5963,reg,18916815
F,2014-04-23,12.8094,12.8804,False,12.691,12.691,reg,19808733
F,2014-04-24,12.8804,12.9751,False,12.7857,12.9514,reg,27453234
F,2014-04-25,12.4542,12.5489,False,12.399,12.4779,reg,53874192
F,2014-04-28,12.6042,12.6673,False,12.4305,12.5805,reg,33030096
F,2014-04-29,12.7226,12.7462,False,12.5568,12.6278,reg,27163734
F,2014-04-30,12.8458,12.8697,False,12.6629,12.7504,reg,26524968
F,2014-05-01,12.6549,12.8856,False,12.6072,12.8458,reg,30722099
F,2014-05-02,12.647,12.7106,False,12.5674,12.6868,reg,22182779
F,2014-05-05,12.5197,12.6231,False,12.4959,12.5754,reg,25127144
F,2014-05-06,12.3765,12.5356,False,12.3527,12.5197,reg,23289128
F,2014-05-07,12.297,12.4322,False,12.2731,12.4322,reg,32181828
F,2014-05-08,12.5754,12.6868,False,12.3368,12.3606,reg,36794779
F,2014-05-09,12.5436,12.647,False,12.5118,12.5118,reg,25172568
F,2014-05-12,12.5993,12.647,False,12.5515,12.5754,reg,17164707
F,2014-05-13,12.6152,12.647,False,12.5277,12.6072,reg,16509281
F,2014-05-14,12.5277,12.639,False,12.5277,12.6072,reg,15087866
F,2014-05-15,12.4799,12.5277,False,12.3686,12.5197,reg,27244262
F,2014-05-16,12.5356,12.6152,False,12.3765,12.4879,reg,25639225
F,2014-05-19,12.6629,12.6788,False,12.5038,12.5038,reg,17368319
F,2014-05-20,12.5436,12.6708,False,12.5197,12.647,reg,20348850
F,2014-05-21,12.6549,12.7106,False,12.5674,12.5834,reg,17811407
F,2014-05-22,12.6549,12.7504,False,12.6072,12.6072,reg,24848656
F,2014-05-23,12.7424,12.7504,False,12.647,12.6549,reg,17004403
F,2014-05-27,12.8538,12.8856,False,12.7652,12.7981,reg,21034686
F,2014-05-28,12.9731,13.0129,False,12.8458,12.8617,reg,23241418
F,2014-05-29,13.156,13.172,False,13.0208,13.0447,reg,42832478
F,2014-05-30,13.0765,13.156,False,13.0208,13.0447,reg,23065423
F,2014-06-02,13.0765,13.1322,False,13.0288,13.1322,reg,17975088
F,2014-06-03,13.164,13.2992,False,13.0845,13.0924,reg,32581740
F,2014-06-04,13.3549,13.4026,False,13.0924,13.164,reg,33699592
F,2014-06-05,13.2674,13.4344,False,13.2038,13.3788,reg,34825926
F,2014-06-06,13.5856,13.5856,False,13.2594,13.2594,reg,38583389
F,2014-06-09,13.5219,13.6174,False,13.5219,13.5299,reg,23144349
F,2014-06-10,13.5299,13.5856,False,13.514,13.5299,reg,21980136
F,2014-06-11,13.4424,13.5299,False,13.4265,13.4981,reg,21409229
F,2014-06-12,13.1401,13.4663,False,13.1242,13.4344,reg,28544500
F,2014-06-13,13.172,13.2435,False,13.1242,13.1481,reg,20323354
F,2014-06-16,13.2276,13.2674,False,13.0288,13.1004,reg,22219572
F,2014-06-17,13.3549,13.3629,False,13.1481,13.1879,reg,17785415
F,2014-06-18,13.3867,13.4026,False,13.2237,13.3549,reg,22925751
F,2014-06-19,13.3469,13.4185,False,13.331,13.4185,reg,16728501
F,2014-06-20,13.2594,13.4185,False,13.2435,13.4185,reg,29981435
F,2014-06-23,13.4265,13.4583,False,13.2674,13.2833,reg,23084402
F,2014-06-24,13.4981,13.681,False,13.3867,13.3947,reg,37736474
F,2014-06-25,13.681,13.7287,False,13.4583,13.4822,reg,37496685
F,2014-06-26,13.681,13.7367,False,13.5617,13.7367,reg,22193690
F,2014-06-27,13.7446,13.7526,False,13.6373,13.6651,reg,31418644
F,2014-06-30,13.7128,13.8003,False,13.681,13.7606,reg,24099967
F,2014-07-01,13.689,13.8401,False,13.5776,13.7924,reg,36171515
F,2014-07-02,13.6969,13.7606,False,13.6572,13.6731,reg,17002931
F,2014-07-03,13.7765,13.7924,False,13.6969,13.7049,reg,13581223
F,2014-07-07,13.7765,13.8401,False,13.6731,13.6731,reg,20271602
F,2014-07-08,13.6094,13.7118,False,13.5617,13.6969,reg,23332243
F,2014-07-09,13.864,13.8799,False,13.6333,13.6492,reg,27036963
F,2014-07-10,13.7606,13.8321,False,13.6572,13.681,reg,20165185
F,2014-07-11,13.8958,13.9117,False,13.7526,13.7685,reg,20149953
F,2014-07-14,13.9594,13.9992,False,13.8799,13.9276,reg,20455228
F,2014-07-15,13.9515,14.0389,False,13.8799,13.9594,reg,22631089
F,2014-07-16,14.1583,14.2139,False,14.0151,14.047,reg,36065737
F,2014-07-17,14.1105,14.381,False,14.031,14.0469,reg,47287297
F,2014-07-18,14.0946,14.1901,False,14.0389,14.1583,reg,24838797
F,2014-07-21,14.0787,14.2378,False,14.0389,14.0389,reg,19200500
F,2014-07-22,14.1742,14.206,False,14.0549,14.1344,reg,24547298
F,2014-07-23,14.1424,14.2776,False,14.1424,14.1821,reg,30932482
F,2014-07-24,14.1901,14.4128,False,14.0628,14.3253,reg,53837956
F,2014-07-25,14.0151,14.2537,False,13.9276,14.2378,reg,34499753
F,2014-07-28,14.031,14.0867,False,13.8958,14.0151,reg,29662377
F,2014-07-29,13.9753,14.198,False,13.9515,14.0389,reg,32972797
F,2014-07-30,13.9873,14.0995,False,13.8752,14.0354,reg,30169696
F,2014-07-31,13.6348,13.8832,False,13.6268,13.8591,reg,34170628
F,2014-08-01,13.4666,13.763,False,13.3945,13.6589,reg,33677955
F,2014-08-04,13.6348,13.7278,False,13.5708,13.5868,reg,24871286
F,2014-08-05,13.5147,13.731,False,13.4426,13.5708,reg,24851172
F,2014-08-06,13.6028,13.6829,False,13.4105,13.4105,reg,21872932
F,2014-08-07,13.4746,13.6989,False,13.4346,13.6509,reg,19997660
F,2014-08-08,13.6909,13.715,False,13.4185,13.4585,reg,29370435
F,2014-08-11,13.755,13.8151,False,13.7069,13.755,reg,17814865
F,2014-08-12,13.787,13.9473,False,13.731,13.739,reg,25514846
F,2014-08-13,13.9553,14.0033,False,13.8752,14.0033,reg,26155194
F,2014-08-14,13.9633,14.0033,False,13.8031,13.9393,reg,19733501
F,2014-08-15,13.8672,14.0114,False,13.755,14.0114,reg,20959569
F,2014-08-18,13.9633,14.0354,False,13.9232,13.9232,reg,17174948
F,2014-08-19,13.9072,14.0354,False,13.8752,14.0274,reg,15899353
F,2014-08-20,13.9473,13.9633,False,13.8191,13.8992,reg,14207276
F,2014-08-21,13.9393,14.0114,False,13.9152,13.9633,reg,15051296
F,2014-08-22,13.755,13.9312,False,13.739,13.8752,reg,20294769
F,2014-08-25,13.8031,13.8511,False,13.779,13.787,reg,10770252
F,2014-08-26,13.771,13.8992,False,13.771,13.8271,reg,12167204
F,2014-08-27,13.9072,13.9393,False,13.787,13.8031,reg,18221103
F,2014-08-28,13.9553,13.9793,False,13.787,13.8351,reg,16855014
F,2014-08-29,13.9473,14.0114,False,13.9312,13.9953,reg,15374784
F,2014-09-02,14.0995,14.1155,False,14.0033,14.0033,reg,18538339
F,2014-09-03,13.9953,14.3158,False,13.9713,14.1876,reg,25723888
F,2014-09-04,13.8351,14.1199,False,13.771,13.9873,reg,20733686
F,2014-09-05,13.731,13.8591,False,13.5708,13.8591,reg,29801662
F,2014-09-08,13.4586,13.5147,False,13.3865,13.4105,reg,47565253
F,2014-09-09,13.3224,13.4746,False,13.2904,13.4506,reg,26656592
F,2014-09-10,13.3224,13.3945,False,13.3064,13.3384,reg,16644382
F,2014-09-11,13.3464,13.352,False,13.2263,13.2904,reg,14670061
F,2014-09-12,13.2904,13.3625,False,13.2183,13.3304,reg,16512713
F,2014-09-15,13.1942,13.3144,False,13.1542,13.2663,reg,23691587
F,2014-09-16,13.2343,13.2423,False,12.9459,13.1221,reg,23772607
F,2014-09-17,13.2423,13.3785,False,13.2343,13.2904,reg,25366299
F,2014-09-18,13.2824,13.3384,False,13.2183,13.2503,reg,19453018
F,2014-09-19,13.3384,13.4346,False,13.2824,13.3625,reg,35008506
F,2014-09-22,13.1061,13.3064,False,13.0901,13.2824,reg,23800260
F,2014-09-23,12.9539,13.0981,False,12.9323,13.0661,reg,28285137
F,2014-09-24,13.1462,13.1782,False,13.01,13.01,reg,22021636
F,2014-09-25,12.9779,13.1382,False,12.9539,13.1382,reg,19054868
F,2014-09-26,13.0821,13.0821,False,12.9619,13.002,reg,20432094
F,2014-09-29,12.1047,13.1382,False,11.8804,12.9379,reg,82938687
F,2014-09-30,11.8484,12.1368,False,11.608,12.0246,reg,115056660
F,2014-10-01,11.6881,11.8804,False,11.6641,11.8323,reg,55948262
F,2014-10-02,11.6641,11.7522,False,11.568,11.7402,reg,37788366
F,2014-10-03,11.6881,11.7683,False,11.616,11.7442,reg,38177484
F,2014-10-06,11.6321,11.7731,False,11.616,11.7442,reg,23974313
F,2014-10-07,11.2956,11.608,False,11.2796,11.592,reg,42850710
F,2014-10-08,11.3837,11.4078,False,10.9111,11.2716,reg,50319286
F,2014-10-09,11.0873,11.3917,False,11.0553,11.3837,reg,31768462
F,2014-10-10,11.0473,11.1514,False,10.831,10.9832,reg,41079514
F,2014-10-13,10.847,11.1194,False,10.831,11.0393,reg,37691699
F,2014-10-14,11.0393,11.2475,False,10.847,10.8951,reg,43397327
F,2014-10-15,10.9111,11.0312,False,10.6227,10.887,reg,46496966
F,2014-10-16,11.1995,11.2636,False,10.7028,10.7188,reg,41382155
F,2014-10-17,11.2315,11.4158,False,11.1915,11.3757,reg,31547970
F,2014-10-20,11.3517,11.3597,False,11.1754,11.2475,reg,18972604
F,2014-10-21,11.4238,11.4358,False,11.2956,11.4238,reg,29926800
F,2014-10-22,11.3196,11.4799,False,11.2796,11.4478,reg,24285220
F,2014-10-23,11.5359,11.608,False,11.4398,11.4558,reg,30418358
F,2014-10-24,11.0393,11.568,False,10.9351,11.544,reg,91944005
F,2014-10-27,11.0713,11.1274,False,10.9591,11.1114,reg,61472177
F,2014-10-28,11.3437,11.3437,False,11.1033,11.1274,reg,36821785
F,2014-10-29,11.2426,11.4609,False,11.1214,11.4285,reg,31263938
F,2014-10-30,11.275,11.2871,False,11.0568,11.2184,reg,25505958
F,2014-10-31,11.3881,11.4366,False,11.3477,11.4205,reg,37277819
F,2014-11-03,11.3073,11.4528,False,11.2669,11.3962,reg,31589885
F,2014-11-04,11.275,11.3154,False,11.2022,11.2669,reg,19695724
F,2014-11-05,11.2669,11.3558,False,11.2103,11.3396,reg,26042808
F,2014-11-06,11.469,11.4897,False,11.2507,11.2507,reg,36431748
F,2014-11-07,11.4528,11.5336,False,11.4205,11.4932,reg,30254740
F,2014-11-10,11.3154,11.477,False,11.275,11.469,reg,36413339
F,2014-11-11,11.6144,11.6629,False,11.3154,11.3558,reg,35345623
F,2014-11-12,11.7842,11.8246,False,11.5255,11.574,reg,36221067
F,2014-11-13,12.0671,12.261,False,11.8812,11.8892,reg,50292272
F,2014-11-14,12.2368,12.3378,False,12.1115,12.1317,reg,37093171
F,2014-11-17,12.5601,12.6086,False,12.2853,12.4065,reg,46517259
F,2014-11-18,12.5278,12.7298,False,12.3257,12.6894,reg,43650757
F,2014-11-19,12.4793,12.5116,False,12.3338,12.5116,reg,22633528
F,2014-11-20,12.4954,12.649,False,12.3499,12.4227,reg,21163158
F,2014-11-21,12.4712,12.649,False,12.4227,12.6409,reg,25609597
F,2014-11-24,12.6652,12.6813,False,12.5278,12.5358,reg,32797852
F,2014-11-25,12.6732,12.8026,False,12.6167,12.7217,reg,32253458
F,2014-11-26,12.6167,12.6692,False,12.5464,12.649,reg,20010508
F,2014-11-28,12.7136,12.7136,False,12.5035,12.649,reg,18620274
F,2014-12-01,12.746,12.843,False,12.6894,12.7541,reg,30022014
F,2014-12-02,12.851,12.8915,False,12.6167,12.8187,reg,32313044
F,2014-12-03,12.94,13.0369,False,12.8349,12.8349,reg,37561091
F,2014-12-04,12.7783,12.9561,False,12.7298,12.9319,reg,23369025
F,2014-12-05,12.6894,12.8834,False,12.6328,12.851,reg,29700293
F,2014-12-08,12.4712,12.7298,False,12.4308,12.6732,reg,25519057
F,2014-12-09,12.4712,12.4712,False,11.9216,12.164,reg,23385340
F,2014-12-10,12.253,12.4712,False,12.2449,12.4712,reg,24615488
F,2014-12-11,12.3499,12.5197,False,12.1479,12.261,reg,30359260
F,2014-12-12,12.1156,12.2934,False,12.1156,12.2853,reg,22684527
F,2014-12-15,11.5417,12.0549,False,11.5336,12.0105,reg,47476393
F,2014-12-16,11.3881,11.6872,False,11.2588,11.469,reg,43879326
F,2014-12-17,11.6791,11.7357,False,11.4043,11.4528,reg,29504188
F,2014-12-18,11.9701,11.9701,False,11.7276,11.8812,reg,35542480
F,2014-12-19,12.1479,12.164,False,11.9135,11.9539,reg,40843451
F,2014-12-22,12.3014,12.3176,False,12.1236,12.1883,reg,25366758
F,2014-12-23,12.3904,12.4873,False,12.2934,12.2934,reg,20828661
F,2014-12-24,12.3661,12.4308,False,12.3257,12.4227,reg,7128841
F,2014-12-26,12.4873,12.5156,False,12.3338,12.3661,reg,11666422
F,2014-12-29,12.5439,12.6732,False,12.3984,12.4227,reg,19137473
F,2014-12-30,12.5278,12.6086,False,12.4833,12.5116,reg,14795048
F,2014-12-31,12.5278,12.6409,False,12.5035,12.5358,reg,17930162
F,2015-01-02,12.4146,12.649,False,12.2715,12.6005,reg,24777911
F,2015-01-05,11.9297,12.2287,False,11.8731,12.2206,reg,44079745
F,2015-01-06,11.8165,12.0428,False,11.6225,12.0266,reg,32981627
F,2015-01-07,12.156,12.1964,False,11.9377,11.9458,reg,26065329
F,2015-01-08,12.4631,12.5116,False,12.3095,12.4469,reg,33943398
F,2015-01-09,12.2934,12.5035,False,12.1721,12.4954,reg,23420750
F,2015-01-12,12.3014,12.3823,False,12.2125,12.3742,reg,22750784
F,2015-01-13,12.2934,12.5116,False,12.1883,12.4308,reg,26279378
F,2015-01-14,12.2125,12.253,False,11.9862,12.1802,reg,36798274
F,2015-01-15,12.0105,12.253,False,11.962,12.2206,reg,24981340
F,2015-01-16,12.1398,12.156,False,11.9216,11.9701,reg,32089873
F,2015-01-20,12.1317,12.2287,False,11.9216,12.1883,reg,28553722
F,2015-01-21,12.0994,12.2125,False,12.0266,12.1075,reg,23281464
F,2015-01-22,12.1479,12.1802,False,12.0428,12.1317,reg,23669219
F,2015-01-23,12.0509,12.1883,False,12.0347,12.1398,reg,21620561
F,2015-01-26,12.1883,12.2449,False,12.0953,12.1075,reg,25237196
F,2015-01-27,12.0024,12.1156,False,11.8973,12.0913,reg,34609134
F,2015-01-28,11.8064,12.1085,False,11.7738,12.1085,reg,40579776
F,2015-01-29,12.1249,12.2147,False,11.6758,11.9371,reg,40731076
F,2015-01-30,12.0106,12.1575,False,11.9452,12.0432,reg,30439659
F,2015-02-02,12.4678,12.4923,False,12.031,12.0432,reg,40371750
F,2015-02-03,12.7781,12.8924,False,12.6066,12.6311,reg,48335448
F,2015-02-04,12.9577,13.0802,False,12.7781,12.8026,reg,41179483
F,2015-02-05,12.9414,13.0802,False,12.8597,13.072,reg,25713222
F,2015-02-06,12.9495,13.0638,False,12.876,12.9332,reg,28187680
F,2015-02-09,12.9985,13.0883,False,12.8352,12.8679,reg,20286720
F,2015-02-10,13.1373,13.1781,False,12.9903,13.1047,reg,27928530
F,2015-02-11,13.268,13.3169,False,13.072,13.1291,reg,34285331
F,2015-02-12,13.3578,13.4313,False,13.3088,13.3414,reg,23738806
F,2015-02-13,13.3088,13.3578,False,13.219,13.3333,reg,19954568
F,2015-02-17,13.1536,13.3088,False,13.0638,13.2353,reg,44362323
F,2015-02-18,13.2353,13.3333,False,13.1128,13.1945,reg,22812702
F,2015-02-19,13.4149,13.4557,False,13.2026,13.219,reg,24863932
F,2015-02-20,13.3904,13.4394,False,13.268,13.3823,reg,21523627
F,2015-02-23,13.3741,13.4313,False,13.3006,13.3333,reg,19016756
F,2015-02-24,13.3578,13.4068,False,13.2924,13.3578,reg,17672510
F,2015-02-25,13.4802,13.5701,False,13.3414,13.3414,reg,23320169
F,2015-02-26,13.3741,13.5292,False,13.3659,13.3904,reg,20799991
F,2015-02-27,13.3414,13.3904,False,13.2435,13.3741,reg,20336962
F,2015-03-02,13.5292,13.5456,False,13.3945,13.3986,reg,26341113
F,2015-03-03,13.2026,13.3088,False,13.1128,13.121,reg,37688950
F,2015-03-04,13.0883,13.1781,False,13.0067,13.1373,reg,25659401
F,2015-03-05,13.1536,13.2516,False,13.1373,13.1373,reg,16548157
F,2015-03-06,13.0067,13.2271,False,12.9903,13.0965,reg,24420536
F,2015-03-09,13.0883,13.1455,False,13.0067,13.0475,reg,17132373
F,2015-03-10,12.8352,13.023,False,12.8107,13.0148,reg,31687721
F,2015-03-11,12.8597,12.9414,False,12.8189,12.876,reg,20638698
F,2015-03-12,13.2026,13.2516,False,12.9495,12.9659,reg,31172242
F,2015-03-13,13.2271,13.268,False,13.0638,13.1945,reg,27877722
F,2015-03-16,13.4639,13.4721,False,13.2598,13.2761,reg,37731651
F,2015-03-17,13.3823,13.4639,False,13.3578,13.3823,reg,20917650
F,2015-03-18,13.4394,13.4802,False,13.1536,13.3169,reg,33748031
F,2015-03-19,13.3414,13.4394,False,13.2924,13.4068,reg,18021525
F,2015-03-20,13.4557,13.5047,False,13.3414,13.3496,reg,42096844
F,2015-03-23,13.5292,13.668,False,13.4394,13.4476,reg,30708965
F,2015-03-24,13.5211,13.6272,False,13.4476,13.5374,reg,16661833
F,2015-03-25,13.2108,13.5129,False,13.2108,13.4966,reg,21996193
F,2015-03-26,13.072,13.2026,False,13.0336,13.1536,reg,33327882
F,2015-03-27,13.0475,13.1455,False,12.9414,13.1128,reg,53270387
F,2015-03-30,13.1945,13.2924,False,13.1047,13.1618,reg,20537646
F,2015-03-31,13.1781,13.3006,False,13.1291,13.1618,reg,21792601
F,2015-04-01,12.9903,13.1945,False,12.9414,13.1945,reg,27365883
F,2015-04-02,13.0883,13.0965,False,12.9414,13.0067,reg,15925403
F,2015-04-06,13.0638,13.1536,False,12.9822,13.023,reg,18522130
F,2015-04-07,12.9822,13.0393,False,12.8842,13.023,reg,26616660
F,2015-04-08,13.0475,13.1373,False,13.023,13.0393,reg,25147004
F,2015-04-09,13.023,13.121,False,12.9659,13.0638,reg,23461885
F,2015-04-10,13.0883,13.1047,False,13.023,13.0393,reg,17657738
F,2015-04-13,12.9577,13.1291,False,12.9577,13.0638,reg,22521087
F,2015-04-14,13.0393,13.1047,False,12.974,12.9822,reg,21745933
F,2015-04-15,13.121,13.1291,False,13.0638,13.072,reg,25503494
F,2015-04-16,13.0148,13.1373,False,13.0067,13.0965,reg,23494438
F,2015-04-17,12.8679,12.9659,False,12.827,12.9659,reg,32148969
F,2015-04-20,12.9903,12.9985,False,12.9169,12.974,reg,15250750
F,2015-04-21,12.9169,13.0475,False,12.8679,12.9985,reg,18509477
F,2015-04-22,12.9903,13.0067,False,12.8352,12.925,reg,20312095
F,2015-04-23,12.8679,12.9822,False,12.8189,12.9332,reg,28458010
F,2015-04-24,12.876,12.9577,False,12.8189,12.8434,reg,20293343
F,2015-04-27,12.9822,13.0638,False,12.876,12.9169,reg,34824893
F,2015-04-28,13.1128,13.1291,False,12.876,13.0067,reg,56634179
F,2015-04-29,13.2035,13.2694,False,13.0386,13.0716,reg,35126941
F,2015-04-30,13.0222,13.22,False,12.9727,13.1623,reg,30269257
F,2015-05-01,13.0304,13.1375,False,12.9397,13.1046,reg,20602237
F,2015-05-04,13.0057,13.0881,False,12.9809,13.0304,reg,15078652
F,2015-05-05,12.7996,13.0386,False,12.7914,12.9974,reg,32248886
F,2015-05-06,12.7584,12.9068,False,12.6925,12.8656,reg,26381151
F,2015-05-07,12.7831,12.8252,False,12.4782,12.7419,reg,26996629
F,2015-05-08,12.915,12.948,False,12.8491,12.8738,reg,21336832
F,2015-05-11,12.8985,13.0551,False,12.8903,12.8985,reg,17249812
F,2015-05-12,12.8244,12.8944,False,12.7749,12.8491,reg,17669966
F,2015-05-13,12.7007,12.8738,False,12.6678,12.8079,reg,20890438
F,2015-05-14,12.5853,12.8079,False,12.5276,12.7749,reg,28794716
F,2015-05-15,12.7584,12.7667,False,12.5853,12.5853,reg,18937706
F,2015-05-18,12.8408,12.8903,False,12.7337,12.7502,reg,19491927
F,2015-05-19,12.7749,12.8779,False,12.7296,12.8491,reg,15145265
F,2015-05-20,12.6101,12.8244,False,12.573,12.8079,reg,22391452
F,2015-05-21,12.7831,12.8161,False,12.5771,12.5936,reg,23962037
F,2015-05-22,12.5853,12.7749,False,12.5853,12.7749,reg,24795803
F,2015-05-26,12.5194,12.643,False,12.4864,12.5853,reg,25002893
F,2015-05-27,12.6265,12.6678,False,12.5276,12.5524,reg,18763920
F,2015-05-28,12.6018,12.6389,False,12.5606,12.5936,reg,13958970
F,2015-05-29,12.5029,12.6925,False,12.4947,12.6183,reg,19060378
F,2015-06-01,12.6595,12.7337,False,12.5194,12.6348,reg,26685260
F,2015-06-02,12.5771,12.7749,False,12.5359,12.7255,reg,34974694
F,2015-06-03,12.5276,12.6265,False,12.4617,12.6018,reg,24311566
F,2015-06-04,12.404,12.5029,False,12.3711,12.47,reg,23428404
F,2015-06-05,12.1815,12.3793,False,12.1815,12.3793,reg,44736948
F,2015-06-08,12.2804,12.3711,False,12.198,12.2227,reg,30240562
F,2015-06-09,12.2639,12.3711,False,12.2268,12.2969,reg,20454699
F,2015-06-10,12.3875,12.4287,False,12.3216,12.3711,reg,20961099
F,2015-06-11,12.5936,12.6513,False,12.4287,12.4535,reg,27187071
F,2015-06-12,12.5524,12.6513,False,12.5112,12.5276,reg,19847251
F,2015-06-15,12.404,12.4535,False,12.3381,12.4123,reg,23825392
F,2015-06-16,12.3628,12.3958,False,12.3051,12.3711,reg,23359525
F,2015-06-17,12.3793,12.4287,False,12.2474,12.3711,reg,25842087
F,2015-06-18,12.4782,12.5606,False,12.3628,12.3875,reg,21360535
F,2015-06-19,12.4535,12.5689,False,12.4123,12.437,reg,24675084
F,2015-06-22,12.47,12.5689,False,12.4452,12.4782,reg,18863779
F,2015-06-23,12.6018,12.7007,False,12.5441,12.5524,reg,21177833
F,2015-06-24,12.7749,12.9068,False,12.709,12.7749,reg,35400953
F,2015-06-25,12.7255,12.8244,False,12.6842,12.7914,reg,23994370
F,2015-06-26,12.6925,12.7667,False,12.6513,12.7172,reg,20428211
F,2015-06-29,12.3793,12.6101,False,12.2928,12.5524,reg,38117410
F,2015-06-30,12.3711,12.5112,False,12.2804,12.5029,reg,28509259
F,2015-07-01,12.3546,12.5029,False,12.198,12.4782,reg,31744459
F,2015-07-02,12.2557,12.4287,False,12.2062,12.3711,reg,18482431
F,2015-07-06,12.1897,12.2804,False,12.1156,12.1568,reg,22609802
F,2015-07-07,12.2392,12.2804,False,11.9672,12.1732,reg,28151303
F,2015-07-08,11.8436,12.132,False,11.7612,12.0908,reg,42278529
F,2015-07-09,11.8106,12.0496,False,11.7612,12.0331,reg,29660726
F,2015-07-10,11.9342,11.9837,False,11.8106,11.9342,reg,20093588
F,2015-07-13,12.0661,12.0743,False,11.8848,12.0661,reg,19864009
F,2015-07-14,12.2062,12.2474,False,12.0249,12.1238,reg,20830698
F,2015-07-15,12.1568,12.2474,False,12.0443,12.2227,reg,21892051
F,2015-07-16,12.0084,12.1897,False,11.9095,12.1485,reg,33938913
F,2015-07-17,12.1073,12.1073,False,11.9342,11.959,reg,31718036
F,2015-07-20,12.0084,12.1568,False,11.9754,12.1238,reg,25428174
F,2015-07-21,11.959,11.9919,False,11.9095,11.9754,reg,19334653
F,2015-07-22,11.8848,11.959,False,11.8271,11.9425,reg,30909685
F,2015-07-23,12.0414,12.2557,False,12.0249,12.1568,reg,29440367
F,2015-07-24,11.8601,12.1403,False,11.8024,12.132,reg,26050943
F,2015-07-27,11.9919,12.0331,False,11.7282,11.8271,reg,43857237
F,2015-07-28,12.2227,12.3628,False,12.0364,12.3298,reg,56398516
F,2015-07-29,12.664,12.7389,False,12.3309,12.3476,reg,52125435
F,2015-07-30,12.5724,12.7389,False,12.4558,12.664,reg,34980315
F,2015-07-31,12.3476,12.6473,False,12.2643,12.639,reg,32654355
F,2015-08-03,12.4392,12.5224,False,12.3642,12.4642,reg,26702280
F,2015-08-04,12.4142,12.4891,False,12.3559,12.4392,reg,18845048
F,2015-08-05,12.3226,12.5224,False,12.256,12.4808,reg,22489961
F,2015-08-06,12.3476,12.3892,False,12.1727,12.3226,reg,26811438
F,2015-08-07,12.3226,12.4225,False,12.281,12.3642,reg,14279247
F,2015-08-10,12.4808,12.4891,False,12.3309,12.3726,reg,16804929
F,2015-08-11,12.2394,12.3226,False,12.1644,12.3226,reg,26971290
F,2015-08-12,12.2227,12.2477,False,11.9646,12.1145,reg,21109693
F,2015-08-13,12.2477,12.3634,False,12.1478,12.1894,reg,20560719
F,2015-08-14,12.306,12.3476,False,12.2227,12.2643,reg,18398886
F,2015-08-17,12.2227,12.2976,False,12.1311,12.2893,reg,16028273
F,2015-08-18,12.3476,12.3559,False,12.2061,12.231,reg,16853787
F,2015-08-19,12.2976,12.47,False,12.2893,12.306,reg,22519886
F,2015-08-20,12.0145,12.2477,False,11.9896,12.2477,reg,24108504
F,2015-08-21,11.54,11.9729,False,11.5233,11.898,reg,42103436
F,2015-08-24,10.9821,11.2236,False,8.6924,10.1911,reg,59805935
F,2015-08-25,10.7407,11.54,False,10.7407,11.5316,reg,47961785
F,2015-08-26,10.9988,11.1153,False,10.6324,10.9738,reg,48377879
F,2015-08-27,11.2902,11.3818,False,11.0154,11.2069,reg,42067850
F,2015-08-28,11.44,11.5233,False,11.2652,11.2735,reg,25699000
F,2015-08-31,11.5483,11.6066,False,11.2485,11.4567,reg,38210328
F,2015-09-01,11.4234,11.7814,False,11.3235,11.6107,reg,50482920
F,2015-09-02,11.5483,11.6565,False,11.3485,11.6482,reg,29602821
F,2015-09-03,11.5233,11.7148,False,11.4766,11.6066,reg,27560429
F,2015-09-04,11.2902,11.4067,False,11.157,11.3901,reg,31138436
F,2015-09-08,11.3818,11.4692,False,11.2735,11.465,reg,30030081
F,2015-09-09,11.2652,11.5233,False,11.2152,11.4983,reg,30846301
F,2015-09-10,11.4317,11.515,False,11.1153,11.2569,reg,38696346
F,2015-09-11,11.4151,11.4983,False,11.2652,11.4484,reg,22804522
F,2015-09-14,11.4734,11.4817,False,11.3485,11.4234,reg,26093548
F,2015-09-15,11.9146,11.9646,False,11.4817,11.49,reg,46666698
F,2015-09-16,12.1894,12.2893,False,11.8647,11.923,reg,41674972
F,2015-09-17,12.1561,12.3892,False,12.0395,12.1644,reg,37709048
F,2015-09-18,11.8897,12.0562,False,11.8314,12.0229,reg,40712230
F,2015-09-21,11.923,12.0145,False,11.7814,11.8231,reg,20764084
F,2015-09-22,11.5899,11.6982,False,11.4317,11.6649,reg,44080998
F,2015-09-23,11.3901,11.6149,False,11.2485,11.5982,reg,31598381
F,2015-09-24,11.3651,11.4067,False,11.0487,11.2985,reg,32461984
F,2015-09-25,11.2652,11.5483,False,11.2485,11.5483,reg,35967426
F,2015-09-28,10.9238,11.2444,False,10.8739,11.2069,reg,41124699
F,2015-09-29,10.9488,10.9988,False,10.8322,10.9405,reg,44417375
F,2015-09-30,11.2985,11.3068,False,11.0488,11.132,reg,40205269
F,2015-10-01,11.3818,11.4734,False,11.2152,11.4567,reg,33326894
F,2015-10-02,11.6482,11.6649,False,11.1736,11.2402,reg,30096991
F,2015-10-05,11.8147,11.8813,False,11.5733,11.7564,reg,38611926
F,2015-10-06,11.9146,12.0229,False,11.7814,11.8147,reg,27045884
F,2015-10-07,12.281,12.281,False,12.0395,12.0645,reg,33628594
F,2015-10-08,12.4808,12.4975,False,12.2227,12.256,reg,25994703
F,2015-10-09,12.4642,12.5724,False,12.3393,12.5141,reg,29216537
F,2015-10-12,12.4725,12.4891,False,12.3642,12.4725,reg,14372090
F,2015-10-13,12.4392,12.5724,False,12.3476,12.3892,reg,30615360
F,2015-10-14,12.4975,12.5224,False,12.3726,12.4392,reg,22314466
F,2015-10-15,12.6723,12.6806,False,12.4808,12.6557,reg,27437601
F,2015-10-16,12.7223,12.7306,False,12.5807,12.6973,reg,24240479
F,2015-10-19,12.7889,12.7889,False,12.614,12.6806,reg,17863005
F,2015-10-20,12.8055,12.9887,False,12.7139,12.7139,reg,29453834
F,2015-10-21,12.8305,13.0636,False,12.7805,12.9887,reg,34210591
F,2015-10-22,12.972,13.0137,False,12.8222,12.8971,reg,23484355
F,2015-10-23,13.047,13.1136,False,12.8971,13.0803,reg,28592824
F,2015-10-26,13.0553,13.1885,False,12.9637,13.0969,reg,38062284
F,2015-10-27,12.3976,12.614,False,12.3226,12.4975,reg,64579703
F,2015-10-28,12.591,12.6162,False,12.3387,12.4312,reg,34485297
F,2015-10-29,12.3891,12.5826,False,12.2882,12.5658,reg,32246978
F,2015-10-30,12.4564,12.5741,False,12.305,12.3976,reg,29225845
F,2015-11-02,12.406,12.5279,False,12.3723,12.4396,reg,30295885
F,2015-11-03,12.4564,12.5069,False,12.3807,12.4312,reg,25878793
F,2015-11-04,12.3219,12.4985,False,12.3134,12.4733,reg,27166413
F,2015-11-05,12.2546,12.3723,False,12.1957,12.3639,reg,21877742
F,2015-11-06,12.2125,12.2377,False,12.0948,12.2041,reg,24085666
F,2015-11-09,12.0527,12.2209,False,11.9938,12.2125,reg,25257385
F,2015-11-10,12.0107,12.0611,False,11.8929,12.0527,reg,22197205
F,2015-11-11,12.0359,12.0948,False,11.9265,12.0107,reg,16893049
F,2015-11-12,11.8088,12.0022,False,11.792,11.9518,reg,20283724
F,2015-11-13,11.7079,11.834,False,11.6826,11.792,reg,25482657
F,2015-11-16,11.8088,11.8424,False,11.649,11.649,reg,22635970
F,2015-11-17,11.9013,12.0863,False,11.7836,11.792,reg,25188601
F,2015-11-18,12.1621,12.1957,False,11.9265,11.9686,reg,26250360
F,2015-11-19,12.2546,12.305,False,12.1284,12.1536,reg,23593751
F,2015-11-20,12.2798,12.4144,False,12.2293,12.2966,reg,18906222
F,2015-11-23,12.2377,12.3891,False,12.2041,12.2798,reg,18273923
F,2015-11-24,12.2377,12.305,False,12.0443,12.12,reg,21251796
F,2015-11-25,12.2377,12.3471,False,12.2125,12.2293,reg,12626958
F,2015-11-27,12.2209,12.2714,False,12.1957,12.2293,reg,7760586
F,2015-11-30,12.0527,12.2377,False,12.0191,12.2293,reg,27860262
F,2015-12-01,12.2462,12.2462,False,12.0191,12.0443,reg,29142177
F,2015-12-02,11.9938,12.2966,False,11.977,12.2798,reg,21398052
F,2015-12-03,11.7583,12.0569,False,11.7163,12.0359,reg,29847334
F,2015-12-04,11.9434,11.9938,False,11.7752,11.8424,reg,28354070
F,2015-12-07,11.8761,11.9434,False,11.792,11.935,reg,14530576
F,2015-12-08,11.7499,11.8593,False,11.6742,11.8004,reg,30356873
F,2015-12-09,11.6826,11.8929,False,11.6069,11.6995,reg,25196945
F,2015-12-10,11.7415,11.8508,False,11.6826,11.6995,reg,22039330
F,2015-12-11,11.4724,11.7079,False,11.4219,11.6406,reg,29569122
F,2015-12-14,11.4555,11.5565,False,11.2705,11.4892,reg,26825171
F,2015-12-15,11.6658,11.7752,False,11.5396,11.5565,reg,43728526
F,2015-12-16,12.0779,12.0779,False,11.7667,11.7752,reg,40683751
F,2015-12-17,11.7583,12.0948,False,11.7331,12.0863,reg,26179792
F,2015-12-18,11.6069,11.6995,False,11.5396,11.6742,reg,40453028
F,2015-12-21,11.5481,11.7331,False,11.4976,11.6826,reg,31598047
F,2015-12-22,11.9434,11.9854,False,11.691,11.7163,reg,50646613
F,2015-12-23,12.0779,12.0948,False,11.9938,12.0022,reg,22172288
F,2015-12-24,12.0359,12.0863,False,11.9854,12.0695,reg,9000079
F,2015-12-28,11.9265,12.0569,False,11.9097,12.0107,reg,13697485
F,2015-12-29,11.9686,12.0275,False,11.9013,12.0107,reg,18867839
F,2015-12-30,11.9181,11.9938,False,11.8761,11.9686,reg,13800289
F,2015-12-31,11.8508,11.9127,False,11.8088,11.8929,reg,19881021
F,2016-01-04,11.7499,11.7752,False,11.5649,11.6658,reg,38618524
F,2016-01-05,11.5396,11.7752,False,11.363,11.7499,reg,50267536
F,2016-01-06,11.0266,11.4051,False,10.9761,11.4051,reg,61285453
F,2016-01-07,10.6817,10.9677,False,10.5976,10.85,reg,57846688
F,2016-01-08,10.5472,11.0182,False,10.5135,10.9761,reg,46199413
F,2016-01-11,10.7406,10.7827,False,10.5556,10.7659,reg,41269121
F,2016-01-12,10.8079,10.9677,False,10.5808,10.9593,reg,50983684
F,2016-01-13,10.2612,10.7995,False,10.1435,10.707,reg,102174690
F,2016-01-14,10.2528,10.3537,False,9.9416,10.2528,reg,62938610
F,2016-01-15,10.0678,10.093,False,9.7397,9.9332,reg,69029972
F,2016-01-19,10.0509,10.2276,False,9.9416,10.2191,reg,41142617
F,2016-01-20,10.0089,10.1519,False,9.6472,9.9164,reg,59879039
F,2016-01-21,10.1014,10.3285,False,9.9752,10.1014,reg,48841795
F,2016-01-22,10.2107,10.3958,False,10.1182,10.3117,reg,44537806
F,2016-01-25,10.0762,10.3537,False,10.0341,10.3453,reg,96738579
F,2016-01-26,10.3117,10.3411,False,10.1266,10.2107,reg,45969782
F,2016-01-27,10.3003,10.5176,False,10.196,10.4742,reg,42064238
F,2016-01-28,10.1786,10.4829,False,9.7353,10.4568,reg,75699795
F,2016-01-29,10.3786,10.3786,False,10.1265,10.2829,reg,52137357
F,2016-02-01,10.4916,10.5524,False,10.196,10.3612,reg,37301185
F,2016-02-02,10.0048,10.5002,False,9.9526,10.3872,reg,55649160
F,2016-02-03,9.9613,10.1526,False,9.5789,10.1439,reg,69454551
F,2016-02-04,10.0222,10.1612,False,9.7875,9.8831,reg,40223130
F,2016-02-05,9.9526,10.1699,False,9.9266,10.0135,reg,33322193
F,2016-02-08,10.0743,10.1612,False,9.7788,9.9005,reg,45274520
F,2016-02-09,9.8657,10.0917,False,9.7527,9.97,reg,48956776
F,2016-02-10,9.857,10.0569,False,9.8483,9.9613,reg,38160284
F,2016-02-11,9.7092,9.9352,False,9.6484,9.7092,reg,45801300
F,2016-02-12,10.0396,10.0656,False,9.7179,9.7788,reg,28084963
F,2016-02-16,10.3177,10.3264,False,10.0178,10.2134,reg,41072066
F,2016-02-17,10.6654,10.6915,False,10.4133,10.422,reg,37766423
F,2016-02-18,10.6567,10.8132,False,10.535,10.7784,reg,28784704
F,2016-02-19,10.5176,10.6219,False,10.4394,10.5959,reg,26479330
F,2016-02-22,10.9175,10.9175,False,10.6393,10.6393,reg,33549732
F,2016-02-23,10.7958,10.9957,False,10.7958,10.8914,reg,30136719
F,2016-02-24,10.5002,10.5263,False,10.083,10.5263,reg,60608352
F,2016-02-25,10.7697,10.7784,False,10.4742,10.5263,reg,32024839
F,2016-02-26,10.8392,10.9436,False,10.7784,10.8827,reg,30228775
F,2016-02-29,10.874,10.9957,False,10.7697,10.7958,reg,32999136
F,2016-03-01,11.3782,11.4042,False,11.0565,11.3086,reg,71523944
F,2016-03-02,11.4912,11.6042,False,11.3347,11.3521,reg,36598221
F,2016-03-03,11.7693,11.8302,False,11.5085,11.5172,reg,44524495
F,2016-03-04,11.8128,12.0475,False,11.6737,11.7867,reg,31818610
F,2016-03-07,11.8389,11.9432,False,11.6911,11.6998,reg,26131387
F,2016-03-08,11.4999,11.7997,False,11.4303,11.7432,reg,34770641
F,2016-03-09,11.4651,11.5781,False,11.3086,11.5172,reg,34146206
F,2016-03-10,11.4303,11.5433,False,11.2304,11.5172,reg,39076472
F,2016-03-11,11.552,11.5607,False,11.4738,11.5259,reg,27583191
F,2016-03-14,11.5346,11.6215,False,11.4564,11.5433,reg,20609628
F,2016-03-15,11.4999,11.5085,False,11.3434,11.4042,reg,27729910
F,2016-03-16,11.7345,11.7432,False,11.4564,11.4825,reg,47035012
F,2016-03-17,11.7085,11.891,False,11.6389,11.7085,reg,31517604
F,2016-03-18,11.8562,11.9084,False,11.7259,11.7693,reg,32182356
F,2016-03-21,11.8736,11.9605,False,11.7867,11.8562,reg,20905245
F,2016-03-22,11.8128,11.9345,False,11.7432,11.8649,reg,26147996
F,2016-03-23,11.5259,11.8258,False,11.4652,11.7954,reg,31535467
F,2016-03-24,11.3521,11.4042,False,11.1087,11.3955,reg,36203203
F,2016-03-28,11.3782,11.4477,False,11.3608,11.4129,reg,18684241
F,2016-03-29,11.4738,11.4738,False,11.2739,11.3434,reg,26077380
F,2016-03-30,11.6042,11.6824,False,11.5129,11.5433,reg,25322506
F,2016-03-31,11.7345,11.7519,False,11.5955,11.5955,reg,32943444
F,2016-04-01,11.3869,11.5829,False,11.3434,11.5433,reg,57914024
F,2016-04-04,11.1261,11.4042,False,11.0913,11.3955,reg,42406306
F,2016-04-05,11.1,11.1695,False,10.8827,11.0652,reg,32424981
F,2016-04-06,11.1435,11.1869,False,10.9957,11.0826,reg,22597414
F,2016-04-07,10.8827,11.1174,False,10.7697,11.1,reg,37688134
F,2016-04-08,10.9088,11.1087,False,10.874,10.9696,reg,20015270
F,2016-04-11,11.0044,11.1261,False,10.9349,10.9609,reg,27744764
F,2016-04-12,11.1348,11.1609,False,11.0044,11.0565,reg,23416972
F,2016-04-13,11.3521,11.4042,False,11.1695,11.1869,reg,29331148
F,2016-04-14,11.3782,11.4564,False,11.3173,11.3782,reg,22453659
F,2016-04-15,11.2478,11.4042,False,11.1695,11.3869,reg,22986147
F,2016-04-18,11.5172,11.5433,False,11.2565,11.2825,reg,30137670
F,2016-04-19,11.6824,11.7345,False,11.5433,11.6042,reg,28808338
F,2016-04-20,11.8562,11.9258,False,11.6476,11.665,reg,32199012
F,2016-04-21,11.8649,12.0649,False,11.7867,12.004,reg,38126272
F,2016-04-22,11.8302,11.9779,False,11.7432,11.8475,reg,28846317
F,2016-04-25,11.8041,11.865,False,11.7085,11.8128,reg,19494809
F,2016-04-26,11.9518,12.0127,False,11.8475,11.8736,reg,35214188
F,2016-04-27,12.0046,12.0485,False,11.9431,11.987,reg,27151410
F,2016-04-28,12.3825,12.4967,False,12.0485,12.1188,reg,87588790
F,2016-04-29,11.9167,12.3297,False,11.8903,12.2419,reg,69695145
F,2016-05-02,11.9694,12.1188,False,11.9518,12.0134,reg,57955420
F,2016-05-03,11.8025,11.9079,False,11.5564,11.864,reg,45594043
F,2016-05-04,11.697,11.7585,False,11.5476,11.6794,reg,28894964
F,2016-05-05,11.7058,11.8025,False,11.6179,11.7321,reg,23838052
F,2016-05-06,11.8112,11.8464,False,11.6354,11.6531,reg,23284500
F,2016-05-09,11.7058,11.864,False,11.6706,11.7937,reg,21602009
F,2016-05-10,11.8552,11.8815,False,11.7585,11.7585,reg,23583376
F,2016-05-11,11.7058,11.8991,False,11.6882,11.8112,reg,20229580
F,2016-05-12,11.7321,11.8376,False,11.574,11.7761,reg,24784344
F,2016-05-13,11.6179,11.8815,False,11.574,11.7234,reg,27481877
F,2016-05-16,11.7058,11.7541,False,11.6091,11.6179,reg,21262679
F,2016-05-17,11.5476,11.697,False,11.4861,11.5476,reg,34165259
F,2016-05-18,11.5652,11.7234,False,11.4685,11.53,reg,23509660
F,2016-05-19,11.5037,11.5959,False,11.4421,11.5124,reg,24117796
F,2016-05-20,11.5915,11.6531,False,11.5388,11.5564,reg,19465010
F,2016-05-23,11.5388,11.6003,False,11.5212,11.5476,reg,16234326
F,2016-05-24,11.6794,11.6882,False,11.5652,11.5652,reg,19721644
F,2016-05-25,11.8815,11.9518,False,11.7146,11.7146,reg,26236076
F,2016-05-26,11.8288,12.0222,False,11.7497,11.9431,reg,18369850
F,2016-05-27,11.82,11.8992,False,11.7761,11.8464,reg,17263287
F,2016-05-31,11.8552,11.9167,False,11.7761,11.8552,reg,26096015
F,2016-06-01,11.5212,11.8112,False,11.3982,11.8025,reg,58219591
F,2016-06-02,11.6091,11.7058,False,11.4641,11.5037,reg,41614613
F,2016-06-03,11.4597,11.5476,False,11.3367,11.5476,reg,39850658
F,2016-06-06,11.5827,11.6091,False,11.4597,11.4949,reg,25588674
F,2016-06-07,11.7585,11.82,False,11.5827,11.6267,reg,27656945
F,2016-06-08,11.7409,11.8552,False,11.7321,11.82,reg,18084759
F,2016-06-09,11.6531,11.6882,False,11.5476,11.6531,reg,19873758
F,2016-06-10,11.5124,11.6443,False,11.4685,11.574,reg,27382718
F,2016-06-13,11.407,11.5388,False,11.3894,11.4861,reg,20745750
F,2016-06-14,11.284,11.4861,False,11.2136,11.4158,reg,30545958
F,2016-06-15,11.4334,11.5652,False,11.3191,11.3455,reg,25829659
F,2016-06-16,11.53,11.5476,False,11.2927,11.363,reg,26581169
F,2016-06-17,11.6531,11.7761,False,11.5564,11.5652,reg,37364863
F,2016-06-20,11.7937,11.9079,False,11.7673,11.7673,reg,29666741
F,2016-06-21,11.6179,11.8112,False,11.5827,11.8112,reg,36721839
F,2016-06-22,11.5827,11.697,False,11.5564,11.6267,reg,20666602
F,2016-06-23,11.7761,11.7849,False,11.6706,11.6794,reg,24579723
F,2016-06-24,11.0027,11.3411,False,10.9412,11.24,reg,96887304
F,2016-06-27,10.6864,10.9236,False,10.5458,10.9236,reg,52820912
F,2016-06-28,10.8885,10.9324,False,10.7303,10.9149,reg,40640389
F,2016-06-29,11.0291,11.0555,False,10.8621,10.9764,reg,31937932
F,2016-06-30,11.0467,11.0467,False,10.7742,11.0379,reg,44983767
F,2016-07-01,11.1785,11.3279,False,11.1477,11.3191,reg,45067772
F,2016-07-05,10.8973,11.0642,False,10.8182,11.0467,reg,30243293
F,2016-07-06,11.0467,11.0555,False,10.7303,10.827,reg,35091212
F,2016-07-07,11.2049,11.284,False,11.0467,11.0467,reg,33472953
F,2016-07-08,11.5037,11.574,False,11.3279,11.3279,reg,45945187
F,2016-07-11,11.6618,11.7146,False,11.5388,11.574,reg,28626257
F,2016-07-12,11.82,11.8991,False,11.7585,11.7585,reg,31320103
F,2016-07-13,11.8464,11.8728,False,11.697,11.8552,reg,26779837
F,2016-07-14,11.9431,12.0397,False,11.9079,11.9255,reg,31802953
F,2016-07-15,11.9255,12.0134,False,11.8903,11.9782,reg,19546317
F,2016-07-18,11.9958,12.0222,False,11.7937,11.9167,reg,22545937
F,2016-07-19,11.9958,12.0573,False,11.864,11.9167,reg,26183383
F,2016-07-20,12.0749,12.11,False,11.9167,11.9606,reg,22588923
F,2016-07-21,12.2331,12.3385,False,12.1803,12.1891,reg,40778639
F,2016-07-22,12.1628,12.2419,False,12.0485,12.2331,reg,25134104
F,2016-07-25,12.154,12.2594,False,12.0925,12.1803,reg,26248463
F,2016-07-26,12.3139,12.3317,False,12.1629,12.1984,reg,28467227
F,2016-07-27,12.2961,12.4294,False,12.2162,12.3139,reg,34625494
F,2016-07-28,11.2922,11.4254,False,11.0612,11.3544,reg,142168574
F,2016-07-29,11.2478,11.4432,False,11.1945,11.2033,reg,59754088
F,2016-08-01,11.0878,11.2122,False,11.0168,11.2033,reg,51963117
F,2016-08-02,10.6081,10.9812,False,10.5725,10.9723,reg,101624914
F,2016-08-03,10.7769,10.8391,False,10.6081,10.6792,reg,47323303
F,2016-08-04,10.7325,10.8657,False,10.7058,10.768,reg,38443181
F,2016-08-05,10.8302,10.8924,False,10.8035,10.8035,reg,31219542
F,2016-08-08,10.8213,10.9546,False,10.7947,10.8568,reg,33310587
F,2016-08-09,10.9368,10.9946,False,10.7947,10.8035,reg,30097768
F,2016-08-10,10.8835,10.9812,False,10.8657,10.9279,reg,24555796
F,2016-08-11,10.9368,10.9901,False,10.8958,10.9368,reg,24987265
F,2016-08-12,10.9546,10.9901,False,10.8835,10.919,reg,18816854
F,2016-08-15,11.0434,11.0523,False,10.9812,10.9901,reg,16371100
F,2016-08-16,10.9635,11.0434,False,10.9546,10.9723,reg,20450106
F,2016-08-17,11.0079,11.0079,False,10.8657,10.9546,reg,23434544
F,2016-08-18,10.9546,10.9812,False,10.8968,10.9546,reg,23629454
F,2016-08-19,11.0079,11.0256,False,10.8835,10.9279,reg,21891446
F,2016-08-22,10.9812,10.999,False,10.919,10.9723,reg,22458375
F,2016-08-23,11.0345,11.0434,False,10.9501,11.0168,reg,34634133
F,2016-08-24,10.9279,11.0523,False,10.9101,11.0256,reg,19999632
F,2016-08-25,11.079,11.1234,False,10.848,10.9279,reg,44713676
F,2016-08-26,10.999,11.15,False,10.9635,11.079,reg,22645892
F,2016-08-29,11.079,11.1056,False,10.999,10.999,reg,22243199
F,2016-08-30,11.15,11.1589,False,11.0434,11.0701,reg,26040411
F,2016-08-31,11.1945,11.2033,False,11.0878,11.0878,reg,26030649
F,2016-09-01,11.0523,11.3011,False,10.9723,11.2478,reg,40510406
F,2016-09-02,11.1056,11.1678,False,11.0701,11.1323,reg,21079776
F,2016-09-06,11.2566,11.2566,False,11.0434,11.0967,reg,36098940
F,2016-09-07,11.2833,11.3277,False,11.2122,11.2122,reg,22879114
F,2016-09-08,11.31,11.3277,False,11.1056,11.1056,reg,34017856
F,2016-09-09,10.999,11.27,False,10.999,11.2033,reg,35733644
F,2016-09-12,11.2833,11.3455,False,10.9101,10.9457,reg,42690174
F,2016-09-13,10.999,11.2655,False,10.9546,11.1323,reg,56549095
F,2016-09-14,10.7858,10.9368,False,10.7591,10.8213,reg,62450611
F,2016-09-15,10.7591,10.8213,False,10.7147,10.7858,reg,57373928
F,2016-09-16,10.7591,10.7769,False,10.6703,10.7058,reg,26271568
F,2016-09-19,10.7591,10.9546,False,10.7134,10.768,reg,41175453
F,2016-09-20,10.6614,10.8302,False,10.6258,10.7413,reg,37820775
F,2016-09-21,10.7413,10.7591,False,10.6703,10.7325,reg,32934639
F,2016-09-22,10.8213,10.919,False,10.8035,10.8124,reg,36136234
F,2016-09-23,10.8124,10.8568,False,10.768,10.768,reg,18993510
F,2016-09-26,10.6703,10.768,False,10.6614,10.768,reg,26758623
F,2016-09-27,10.6436,10.7413,False,10.5992,10.6792,reg,28965759
F,2016-09-28,10.7413,10.7413,False,10.6258,10.6792,reg,29341515
F,2016-09-29,10.6347,10.768,False,10.617,10.688,reg,23397424
F,2016-09-30,10.7236,10.7858,False,10.6525,10.6614,reg,34903811
F,2016-10-03,10.7502,10.7947,False,10.6792,10.7147,reg,20683081
F,2016-10-04,10.8391,10.8835,False,10.7413,10.7591,reg,23948703
F,2016-10-05,11.0878,11.1323,False,10.8568,10.8568,reg,55529059
F,2016-10-06,11.0079,11.1101,False,10.9546,11.0434,reg,25880883
F,2016-10-07,10.919,11.0345,False,10.8391,11.0079,reg,22093202
F,2016-10-10,10.768,10.999,False,10.7502,10.9723,reg,24951437
F,2016-10-11,10.6525,10.8124,False,10.5814,10.8124,reg,40053504
F,2016-10-12,10.6258,10.6703,False,10.6081,10.6614,reg,20626954
F,2016-10-13,10.5814,10.5814,False,10.386,10.5814,reg,39904190
F,2016-10-14,10.5814,10.6614,False,10.5637,10.6258,reg,25775674
F,2016-10-17,10.5548,10.6614,False,10.5548,10.5814,reg,19874994
F,2016-10-18,10.5637,10.5992,False,10.4037,10.5903,reg,39911254
F,2016-10-19,10.6703,10.7058,False,10.5548,10.5637,reg,26094001
F,2016-10-20,10.6347,10.688,False,10.5725,10.6792,reg,18115983
F,2016-10-21,10.6792,10.6969,False,10.5281,10.5992,reg,24364204
F,2016-10-24,10.8302,10.8391,False,10.7147,10.7147,reg,33733614
F,2016-10-25,10.6593,10.8842,False,10.5783,10.8392,reg,42485988
F,2016-10-26,10.6863,10.7312,False,10.5783,10.6143,reg,36219863
F,2016-10-27,10.5603,10.6413,False,10.4344,10.6233,reg,48402031
F,2016-10-28,10.5423,10.6593,False,10.4569,10.5603,reg,37142375
F,2016-10-31,10.5603,10.6233,False,10.5154,10.5693,reg,31898380
F,2016-11-01,10.4434,10.6503,False,10.3444,10.5963,reg,35613573
F,2016-11-02,10.2545,10.3984,False,10.2185,10.3534,reg,36229377
F,2016-11-03,10.2095,10.3085,False,10.1376,10.2455,reg,38651451
F,2016-11-04,10.2005,10.3444,False,10.1645,10.1735,reg,24752417
F,2016-11-07,10.4164,10.4524,False,10.2455,10.3624,reg,25120693
F,2016-11-08,10.3265,10.3534,False,10.2095,10.3444,reg,28497894
F,2016-11-09,10.4164,10.4614,False,9.9577,10.0296,reg,60625748
F,2016-11-10,10.7402,10.7762,False,10.4164,10.4164,reg,52756533
F,2016-11-11,11.0461,11.154,False,10.6503,10.6863,reg,79259270
F,2016-11-14,10.8482,11.244,False,10.8122,11.0371,reg,56109928
F,2016-11-15,10.8302,10.9195,False,10.7492,10.8482,reg,31498503
F,2016-11-16,10.7942,10.8392,False,10.7222,10.7942,reg,25195460
F,2016-11-17,10.6773,10.7582,False,10.5963,10.7043,reg,38502535
F,2016-11-18,10.5783,10.7043,False,10.5513,10.6773,reg,30662036
F,2016-11-21,10.6053,10.7043,False,10.5873,10.5873,reg,19508608
F,2016-11-22,10.6953,10.7133,False,10.5513,10.5783,reg,24274734
F,2016-11-23,10.7043,10.7942,False,10.6593,10.7043,reg,22418351
F,2016-11-25,10.8302,10.8482,False,10.7312,10.7492,reg,11439553
F,2016-11-28,10.7222,10.8392,False,10.6953,10.8122,reg,24407192
F,2016-11-29,10.7222,10.7942,False,10.6773,10.7312,reg,23690847
F,2016-11-30,10.7582,10.9201,False,10.7222,10.7672,reg,47646220
F,2016-12-01,11.181,11.5138,False,10.9561,11.0011,reg,95143559
F,2016-12-02,11.0101,11.3159,False,10.9291,11.3159,reg,38689842
F,2016-12-05,11.19,11.244,False,11.0551,11.0731,reg,36219973
F,2016-12-06,11.2979,11.3249,False,11.127,11.154,reg,23923916
F,2016-12-07,11.7477,11.8286,False,11.2799,11.3249,reg,58600423
F,2016-12-08,11.7207,11.8286,False,11.6667,11.7567,reg,41459537
F,2016-12-09,11.8466,11.8736,False,11.6128,11.6937,reg,45256112
F,2016-12-12,11.5318,11.7837,False,11.5228,11.7657,reg,39596135
F,2016-12-13,11.4868,11.5858,False,11.4688,11.5498,reg,39570500
F,2016-12-14,11.271,11.5053,False,11.244,11.3789,reg,42820123
F,2016-12-15,11.3159,11.4419,False,11.262,11.2799,reg,23774842
F,2016-12-16,11.3609,11.4239,False,11.2993,11.3879,reg,28354939
F,2016-12-19,11.3879,11.5093,False,11.3249,11.3249,reg,22830013
F,2016-12-20,11.4958,11.5318,False,11.4059,11.4239,reg,17834041
F,2016-12-21,11.3699,11.4868,False,11.3699,11.4509,reg,18117060
F,2016-12-22,11.154,11.3699,False,11.154,11.3609,reg,27821071
F,2016-12-23,11.208,11.208,False,11.118,11.181,reg,15621178
F,2016-12-27,11.145,11.253,False,11.118,11.181,reg,19467440
F,2016-12-28,11.0191,11.199,False,10.9921,11.127,reg,26875381
F,2016-12-29,11.0011,11.0731,False,10.9921,11.0191,reg,19819081
F,2016-12-30,10.9111,11.0461,False,10.8662,11.0101,reg,27405736
F,2017-01-03,11.3249,11.3339,False,10.9111,10.9741,reg,40510821
F,2017-01-04,11.8466,11.9366,False,11.4598,11.4868,reg,77638075
F,2017-01-05,11.4868,11.8916,False,11.3609,11.8826,reg,75628443
F,2017-01-06,11.4778,11.5498,False,11.3699,11.5138,reg,40315887
F,2017-01-09,11.3609,11.5678,False,11.3609,11.5048,reg,39438393
F,2017-01-10,11.5588,11.7117,False,11.3879,11.4239,reg,58703537
F,2017-01-11,11.3969,11.4419,False,11.253,11.4329,reg,49718725
F,2017-01-12,11.3249,11.4059,False,11.109,11.3879,reg,36493266
F,2017-01-13,11.3609,11.3969,False,11.244,11.3519,reg,29197105
F,2017-01-17,11.3429,11.4509,False,11.2799,11.3789,reg,49069459
F,2017-01-18,11.3424,11.3789,False,11.2418,11.3606,reg,33830795
F,2017-01-19,11.3606,11.4795,False,11.2784,11.3332,reg,30135566
F,2017-01-20,11.2967,11.4063,False,11.251,11.3789,reg,29269964
F,2017-01-23,11.251,11.3149,False,11.1687,11.2875,reg,31670705
F,2017-01-24,11.5252,11.5252,False,11.2738,11.2875,reg,34625204
F,2017-01-25,11.6897,11.6988,False,11.5526,11.6166,reg,46747840
F,2017-01-26,11.3058,11.5891,False,11.2875,11.5617,reg,55672778
F,2017-01-27,11.4155,11.4612,False,11.3149,11.4063,reg,34613088
F,2017-01-30,11.3058,11.3881,False,11.2235,11.3881,reg,39254173
F,2017-01-31,11.2967,11.3241,False,11.1413,11.251,reg,46974479
F,2017-02-01,11.2601,11.4977,False,11.1687,11.3789,reg,44396812
F,2017-02-02,11.2235,11.3058,False,11.1778,11.2418,reg,29035383
F,2017-02-03,11.4795,11.5343,False,11.3241,11.3515,reg,38245251
F,2017-02-06,11.4429,11.5297,False,11.3881,11.4703,reg,26916768
F,2017-02-07,11.2784,11.4429,False,11.251,11.4246,reg,32914413
F,2017-02-08,11.3149,11.3789,False,11.2144,11.2784,reg,26411417
F,2017-02-09,11.3149,11.3972,False,11.2875,11.3332,reg,32924624
F,2017-02-10,11.4338,11.4338,False,11.3058,11.3698,reg,32996465
F,2017-02-13,11.4795,11.5343,False,11.4063,11.4612,reg,24473996
F,2017-02-14,11.5617,11.6074,False,11.5069,11.5526,reg,28355725
F,2017-02-15,11.5434,11.5526,False,11.4703,11.5343,reg,25114438
F,2017-02-16,11.4612,11.5526,False,11.4063,11.5252,reg,22896525
F,2017-02-17,11.4977,11.4977,False,11.3515,11.4246,reg,26407405
F,2017-02-21,11.5983,11.6257,False,11.5252,11.5252,reg,29156181
F,2017-02-22,11.58,11.6668,False,11.5617,11.5709,reg,24787512
F,2017-02-23,11.4795,11.6211,False,11.4703,11.6074,reg,22520597
F,2017-02-24,11.3972,11.4338,False,11.3149,11.4338,reg,40817305
F,2017-02-27,11.5709,11.5891,False,11.3606,11.4155,reg,41713096
F,2017-02-28,11.452,11.5699,False,11.3789,11.5434,reg,36089848
F,2017-03-01,11.5983,11.6531,False,11.5617,11.5709,reg,36178588
F,2017-03-02,11.5709,11.6485,False,11.4977,11.6257,reg,33245050
F,2017-03-03,11.5617,11.6166,False,11.452,11.5709,reg,30493532
F,2017-03-06,11.4429,11.516,False,11.4246,11.4977,reg,28753623
F,2017-03-07,11.3881,11.4475,False,11.3515,11.4338,reg,25906933
F,2017-03-08,11.452,11.5526,False,11.3881,11.4246,reg,27327834
F,2017-03-09,11.4246,11.4612,False,11.3332,11.4612,reg,29149095
F,2017-03-10,11.452,11.5434,False,11.3972,11.4703,reg,34866054
F,2017-03-13,11.4612,11.5434,False,11.4246,11.4795,reg,22625831
F,2017-03-14,11.4703,11.4795,False,11.3789,11.4338,reg,26956658
F,2017-03-15,11.5617,11.5617,False,11.4429,11.4795,reg,34296197
F,2017-03-16,11.6074,11.6257,False,11.5069,11.5617,reg,28954694
F,2017-03-17,11.4063,11.644,False,11.3789,11.644,reg,54929115
F,2017-03-20,11.2235,11.4155,False,11.1961,11.4063,reg,45329650
F,2017-03-21,10.7117,11.2601,False,10.6934,11.2418,reg,101559879
F,2017-03-22,10.7574,10.8123,False,10.6203,10.7666,reg,71107861
F,2017-03-23,10.666,10.7391,False,10.5107,10.5746,reg,71209260
F,2017-03-24,10.6203,10.7529,False,10.5563,10.6569,reg,43772442
F,2017-03-27,10.4741,10.5563,False,10.4284,10.5198,reg,57713419
F,2017-03-28,10.6477,10.7848,False,10.4924,10.5198,reg,57662806
F,2017-03-29,10.6752,10.7483,False,10.6386,10.7209,reg,35795737
F,2017-03-30,10.6752,10.73,False,10.6112,10.666,reg,28008241
F,2017-03-31,10.6386,10.6752,False,10.602,10.6569,reg,26717520
F,2017-04-03,10.4558,10.6386,False,10.3096,10.6386,reg,65671114
F,2017-04-04,10.3918,10.4924,False,10.3096,10.401,reg,40068175
F,2017-04-05,10.2913,10.5061,False,10.2822,10.4924,reg,43316140
F,2017-04-06,10.3004,10.3827,False,10.2547,10.3004,reg,36165281
F,2017-04-07,10.2639,10.337,False,10.2456,10.2913,reg,28864243
F,2017-04-10,10.2822,10.3736,False,10.273,10.2913,reg,25857108
F,2017-04-11,10.3096,10.3096,False,10.209,10.3004,reg,36366316
F,2017-04-12,10.2639,10.3233,False,10.2365,10.3004,reg,56588425
F,2017-04-13,10.1542,10.2822,False,10.1542,10.2547,reg,32789905
F,2017-04-17,10.3096,10.3279,False,10.1816,10.2547,reg,44731735
F,2017-04-18,10.3188,10.3559,False,10.2633,10.3281,reg,35659989
F,2017-04-19,10.3652,10.4485,False,10.3466,10.3652,reg,37524445
F,2017-04-20,10.6245,10.6523,False,10.4115,10.4207,reg,49990191
F,2017-04-21,10.5041,10.6338,False,10.4856,10.6153,reg,26076186
F,2017-04-24,10.5875,10.6523,False,10.5226,10.6338,reg,41071326
F,2017-04-25,10.6338,10.6523,False,10.5875,10.6245,reg,35862521
F,2017-04-26,10.7449,10.8376,False,10.606,10.6245,reg,51685768
F,2017-04-27,10.6245,10.819,False,10.5041,10.8005,reg,50203741
F,2017-04-28,10.6245,10.6616,False,10.5597,10.6616,reg,41415145
F,2017-05-01,10.5782,10.6894,False,10.5597,10.643,reg,32118379
F,2017-05-02,10.1151,10.5319,False,10.0965,10.467,reg,99514739
F,2017-05-03,10.254,10.2725,False,10.1058,10.1151,reg,57290560
F,2017-05-04,10.1892,10.2911,False,10.1521,10.2725,reg,34637854
F,2017-05-05,10.3188,10.3374,False,10.1706,10.1984,reg,28926001
F,2017-05-08,10.3096,10.4115,False,10.2725,10.3559,reg,35561764
F,2017-05-09,10.3374,10.4254,False,10.2818,10.3188,reg,44142864
F,2017-05-10,10.2262,10.3744,False,10.217,10.3374,reg,34989254
F,2017-05-11,10.1984,10.254,False,10.1614,10.2262,reg,29276286
F,2017-05-12,10.1151,10.217,False,10.0965,10.1892,reg,34264277
F,2017-05-15,10.1336,10.217,False,10.1151,10.1521,reg,27359494
F,2017-05-16,10.1336,10.254,False,10.0965,10.2447,reg,42130215
F,2017-05-17,9.9669,10.1428,False,9.8835,10.078,reg,54670105
F,2017-05-18,9.9946,10.0224,False,9.9113,9.9391,reg,37890811
F,2017-05-19,10.0687,10.1336,False,9.9946,10.0132,reg,32431694
F,2017-05-22,10.2818,10.3096,False,10.1706,10.2911,reg,73334997
F,2017-05-23,10.2355,10.342,False,10.1614,10.3374,reg,40816647
F,2017-05-24,10.1521,10.2447,False,10.0687,10.2447,reg,46732734
F,2017-05-25,10.0595,10.1614,False,9.9669,10.1521,reg,46269245
F,2017-05-26,10.1243,10.1382,False,10.0132,10.0502,reg,28176454
F,2017-05-30,10.2633,10.3003,False,10.1799,10.1892,reg,36082622
F,2017-05-31,10.3003,10.3096,False,10.1892,10.3003,reg,36398667
F,2017-06-01,10.5689,10.6894,False,10.2818,10.4207,reg,76707185
F,2017-06-02,10.5134,10.5875,False,10.4115,10.5782,reg,45924954
F,2017-06-05,10.4207,10.5226,False,10.3976,10.5226,reg,42558570
F,2017-06-06,10.3003,10.3744,False,10.2355,10.3652,reg,44543687
F,2017-06-07,10.254,10.3652,False,10.2077,10.3374,reg,37344208
F,2017-06-08,10.2818,10.2818,False,10.1058,10.1336,reg,40757441
F,2017-06-09,10.3096,10.3281,False,10.1984,10.2725,reg,30285939
F,2017-06-12,10.4485,10.5226,False,10.3096,10.3096,reg,38473144
F,2017-06-13,10.4393,10.5134,False,10.3281,10.4809,reg,29889309
F,2017-06-14,10.3929,10.4578,False,10.2447,10.4485,reg,44367883
F,2017-06-15,10.4115,10.4578,False,10.3188,10.3281,reg,28431606
F,2017-06-16,10.3929,10.4115,False,10.254,10.4115,reg,54035414
F,2017-06-19,10.4115,10.4485,False,10.3559,10.3744,reg,30540890
F,2017-06-20,10.3003,10.3929,False,10.2725,10.3837,reg,31971454
F,2017-06-21,10.2262,10.3281,False,10.1892,10.3281,reg,37002531
F,2017-06-22,10.3096,10.3559,False,10.1892,10.2077,reg,26972816
F,2017-06-23,10.2262,10.3096,False,10.1892,10.2818,reg,45190204
F,2017-06-26,10.3559,10.3744,False,10.2401,10.2447,reg,31316763
F,2017-06-27,10.2633,10.3744,False,10.2447,10.3466,reg,28491614
F,2017-06-28,10.2725,10.3466,False,10.254,10.2911,reg,31819976
F,2017-06-29,10.3466,10.3744,False,10.254,10.3096,reg,32917042
F,2017-06-30,10.3652,10.4485,False,10.3374,10.3559,reg,41074990
F,2017-07-03,10.7079,10.8237,False,10.4207,10.5226,reg,43949588
F,2017-07-05,10.467,10.7079,False,10.43,10.6616,reg,39412233
F,2017-07-06,10.3559,10.5226,False,10.3466,10.4578,reg,31935984
F,2017-07-07,10.43,10.4485,False,10.3374,10.3837,reg,20871848
F,2017-07-10,10.5041,10.5134,False,10.4022,10.4115,reg,18881282
F,2017-07-11,10.5412,10.5875,False,10.467,10.4763,reg,25914333
F,2017-07-12,10.6245,10.7635,False,10.5597,10.5689,reg,33088184
F,2017-07-13,10.7449,10.8283,False,10.606,10.6153,reg,33650806
F,2017-07-14,10.819,10.8654,False,10.7449,10.7866,reg,39792182
F,2017-07-17,10.8746,10.8839,False,10.7912,10.8468,reg,24394237
F,2017-07-18,10.8839,10.8839,False,10.8098,10.8561,reg,24625242
F,2017-07-19,10.958,10.958,False,10.8746,10.8931,reg,26225866
F,2017-07-20,10.9767,11.0518,False,10.9392,10.9674,reg,30315108
F,2017-07-21,10.8173,10.9017,False,10.7516,10.8735,reg,27630584
F,2017-07-24,10.5921,10.836,False,10.5733,10.7985,reg,48123427
F,2017-07-25,10.5733,10.6718,False,10.5264,10.6015,reg,52854343
F,2017-07-26,10.3763,10.4701,False,10.2731,10.4514,reg,72271733
F,2017-07-27,10.4889,10.5077,False,10.3482,10.3951,reg,38687497
F,2017-07-28,10.4795,10.5264,False,10.3763,10.4607,reg,24864110
F,2017-07-31,10.5264,10.5358,False,10.4373,10.4701,reg,39548561
F,2017-08-01,10.2731,10.4607,False,10.1981,10.4232,reg,65140080
F,2017-08-02,10.32,10.3435,False,10.2543,10.3013,reg,30890498
F,2017-08-03,10.2543,10.3669,False,10.245,10.3294,reg,20309320
F,2017-08-04,10.2731,10.3106,False,10.1136,10.2262,reg,29267609
F,2017-08-07,10.245,10.3013,False,10.2262,10.2637,reg,35013023
F,2017-08-08,10.2168,10.32,False,10.2074,10.2731,reg,26322101
F,2017-08-09,10.245,10.2731,False,10.1605,10.2074,reg,32155872
F,2017-08-10,10.1042,10.2356,False,10.1042,10.2074,reg,31903827
F,2017-08-11,10.1042,10.1699,False,10.0949,10.123,reg,32300117
F,2017-08-14,10.2356,10.2731,False,10.123,10.1511,reg,26413474
F,2017-08-15,10.1699,10.32,False,10.1652,10.245,reg,29266299
F,2017-08-16,10.1324,10.2262,False,10.1136,10.1887,reg,28316308
F,2017-08-17,9.9823,10.1324,False,9.9447,10.123,reg,35518834
F,2017-08-18,9.9072,9.9729,False,9.8228,9.9635,reg,43998743
F,2017-08-21,9.9166,9.9963,False,9.8697,9.8791,reg,30152540
F,2017-08-22,9.9917,10.0667,False,9.9541,9.9541,reg,28676062
F,2017-08-23,10.0479,10.1136,False,9.9354,9.9541,reg,35405768
F,2017-08-24,10.0479,10.1324,False,10.0292,10.0855,reg,33584388
F,2017-08-25,10.1511,10.2074,False,10.0949,10.1042,reg,35926827
F,2017-08-28,10.123,10.2074,False,10.0667,10.1887,reg,22307395
F,2017-08-29,10.1699,10.2168,False,10.0667,10.0855,reg,29807261
F,2017-08-30,10.2637,10.2637,False,10.1042,10.1511,reg,23629293
F,2017-08-31,10.3482,10.5077,False,10.2731,10.2919,reg,54208921
F,2017-09-01,10.6484,10.7234,False,10.4514,10.4889,reg,64560278
F,2017-09-05,10.6578,10.6859,False,10.5452,10.6578,reg,44142351
F,2017-09-06,10.7891,10.8173,False,10.685,10.6859,reg,43279041
F,2017-09-07,10.6953,10.8079,False,10.6296,10.8079,reg,30271005
F,2017-09-08,10.6578,10.6859,False,10.5921,10.639,reg,26633932
F,2017-09-11,10.7047,10.7422,False,10.6765,10.6953,reg,43375019
F,2017-09-12,10.8735,10.9486,False,10.6859,10.7234,reg,41386669
F,2017-09-13,10.9017,10.9111,False,10.8079,10.8829,reg,23302152
F,2017-09-14,10.8454,10.958,False,10.7703,10.8829,reg,31696274
F,2017-09-15,10.9017,10.9111,False,10.7797,10.8266,reg,30865470
F,2017-09-18,10.9111,11.0049,False,10.8782,10.9111,reg,25132356
F,2017-09-19,10.9955,11.0143,False,10.9017,10.9111,reg,26392861
F,2017-09-20,10.9861,11.0659,False,10.9158,10.958,reg,26705319
F,2017-09-21,10.9955,11.0893,False,10.9674,10.9861,reg,40319429
F,2017-09-22,11.1081,11.1362,False,10.9955,11.0143,reg,30196459
F,2017-09-25,11.2019,11.3145,False,11.1081,11.1456,reg,40766002
F,2017-09-26,11.1925,11.2582,False,11.1644,11.2113,reg,30646723
F,2017-09-27,11.2113,11.277,False,11.1269,11.2394,reg,28412202
F,2017-09-28,11.2207,11.2488,False,11.1644,11.2113,reg,23105656
F,2017-09-29,11.2301,11.277,False,11.1831,11.2301,reg,31227515
F,2017-10-02,11.3426,11.3426,False,11.2301,11.2582,reg,36019960
F,2017-10-03,11.5772,11.6616,False,11.4646,11.5584,reg,65641714
F,2017-10-04,11.5397,11.6898,False,11.5209,11.5678,reg,52909843
F,2017-10-05,11.4927,11.5959,False,11.3989,11.5772,reg,48145783
F,2017-10-06,11.549,11.5678,False,11.4388,11.4458,reg,35091790
F,2017-10-09,11.5772,11.6429,False,11.4927,11.5678,reg,28924795
F,2017-10-10,11.6241,11.6522,False,11.4927,11.5772,reg,40586234
F,2017-10-11,11.6147,11.6616,False,11.549,11.6147,reg,34953438
F,2017-10-12,11.3708,11.5584,False,11.3614,11.5397,reg,45924434
F,2017-10-13,11.3051,11.4177,False,11.1362,11.3145,reg,44597334
F,2017-10-16,11.3708,11.3989,False,11.2207,11.2488,reg,32349675
F,2017-10-17,11.5115,11.549,False,11.3708,11.3802,reg,55273235
F,2017-10-18,11.4365,11.5866,False,11.4177,11.5209,reg,30783686
F,2017-10-19,11.474,11.4927,False,11.3051,11.3895,reg,29678158
F,2017-10-20,11.493,11.531,False,11.398,11.512,reg,28171651
F,2017-10-23,11.436,11.5785,False,11.436,11.5025,reg,21504813
F,2017-10-24,11.5785,11.645,False,11.4843,11.5025,reg,34651185
F,2017-10-25,11.4645,11.5405,False,11.3695,11.5405,reg,38444556
F,2017-10-26,11.6545,11.7209,False,11.455,11.588,reg,49003126
F,2017-10-27,11.455,11.626,False,11.4076,11.6165,reg,33925366
F,2017-10-30,11.493,11.5405,False,11.3505,11.4075,reg,36457435
F,2017-10-31,11.6545,11.6829,False,11.5205,11.5405,reg,42010246
F,2017-11-01,11.7304,11.8444,False,11.6594,11.7779,reg,43495830
F,2017-11-02,11.7969,11.8064,False,11.645,11.7114,reg,40923421
F,2017-11-03,11.7399,11.8349,False,11.7019,11.7874,reg,33220261
F,2017-11-06,11.7114,11.8064,False,11.6829,11.7399,reg,20178513
F,2017-11-07,11.55,11.7589,False,11.5025,11.7304,reg,41536291
F,2017-11-08,11.455,11.55,False,11.4075,11.531,reg,34127543
F,2017-11-09,11.436,11.4455,False,11.3315,11.4075,reg,26057183
F,2017-11-10,11.4075,11.4835,False,11.379,11.398,reg,35298374
F,2017-11-13,11.55,11.607,False,11.3695,11.4075,reg,30415855
F,2017-11-14,11.417,11.55,False,11.3885,11.493,reg,25893421
F,2017-11-15,11.398,11.4265,False,11.2745,11.3695,reg,28441307
F,2017-11-16,11.436,11.4455,False,11.3315,11.398,reg,28269046
F,2017-11-17,11.4075,11.455,False,11.3838,11.417,reg,31117727
F,2017-11-20,11.5215,11.5405,False,11.417,11.4265,reg,32352040
F,2017-11-21,11.512,11.6117,False,11.512,11.531,reg,28510260
F,2017-11-22,11.4645,11.5405,False,11.4455,11.5025,reg,36184010
F,2017-11-24,11.493,11.5405,False,11.4265,11.493,reg,9549629
F,2017-11-27,11.5025,11.5785,False,11.455,11.4835,reg,28525156
F,2017-11-28,11.5975,11.626,False,11.474,11.5405,reg,33199323
F,2017-11-29,11.9299,11.9394,False,11.6165,11.626,reg,64865974
F,2017-11-30,11.8919,12.0154,False,11.7969,11.9014,reg,49224189
F,2017-12-01,11.9489,12.0629,False,11.7304,11.9869,reg,52458736
F,2017-12-04,11.9964,12.1674,False,11.9584,12.0154,reg,39558857
F,2017-12-05,11.8064,11.9869,False,11.7779,11.9774,reg,45527163
F,2017-12-06,11.7589,11.8064,False,11.664,11.7779,reg,28453762
F,2017-12-07,11.9014,11.9584,False,11.7114,11.7732,reg,25417119
F,2017-12-08,11.9774,11.9774,False,11.8064,11.9014,reg,21981870
F,2017-12-11,11.9489,11.9964,False,11.8824,11.9679,reg,44194633
F,2017-12-12,11.9679,12.0011,False,11.8824,11.9299,reg,54370612
F,2017-12-13,11.9964,12.0866,False,11.9584,11.9774,reg,31858995
F,2017-12-14,11.8349,12.0534,False,11.7874,12.0249,reg,37073960
F,2017-12-15,11.9489,12.0249,False,11.8729,11.8919,reg,48655453
F,2017-12-18,12.0249,12.1104,False,11.9774,11.9964,reg,25022657
F,2017-12-19,12.0534,12.1389,False,12.0249,12.0819,reg,23056884
F,2017-12-20,12.0819,12.1104,False,12.0154,12.1009,reg,18989429
F,2017-12-21,11.9964,12.1294,False,11.9964,12.0819,reg,21004663
F,2017-12-22,11.9489,12.0249,False,11.9299,11.9869,reg,17876156
F,2017-12-26,11.9679,12.0154,False,11.9204,11.9394,reg,11664564
F,2017-12-27,11.8729,11.9489,False,11.8254,11.9394,reg,17005626
F,2017-12-28,11.9489,11.9489,False,11.8444,11.8539,reg,14793534
F,2017-12-29,11.8634,11.9774,False,11.8634,11.9489,reg,18362455
F,2018-01-02,12.0249,12.0249,False,11.8729,11.8919,reg,20773320
F,2018-01-03,12.1199,12.1579,False,12.0344,12.0439,reg,29765638
F,2018-01-04,12.3288,12.3858,False,12.1294,12.1389,reg,37478200
F,2018-01-05,12.5378,12.5568,False,12.3858,12.4048,reg,46121873
F,2018-01-08,12.4903,12.5568,False,12.4523,12.5473,reg,33828330
F,2018-01-09,12.4238,12.5568,False,12.4238,12.5188,reg,27924109
F,2018-01-10,12.3763,12.4799,False,12.3098,12.4048,reg,56517139
F,2018-01-11,12.4998,12.5378,False,12.3478,12.3668,reg,28342293
F,2018-01-12,12.5663,12.6233,False,12.4428,12.4428,reg,56979186
F,2018-01-16,12.4428,12.8038,False,12.3573,12.6423,reg,53961375
F,2018-01-17,11.569,11.9489,False,11.493,11.9489,reg,132412533
F,2018-01-18,11.4645,11.588,False,11.417,11.569,reg,66541729
F,2018-01-19,11.398,11.512,False,11.3125,11.512,reg,51303747
F,2018-01-22,11.417,11.474,False,11.303,11.417,reg,52851915
F,2018-01-23,11.36,11.4265,False,11.303,11.4265,reg,51830968
F,2018-01-24,11.4455,11.4835,False,11.322,11.398,reg,63300483
F,2018-01-25,10.9896,11.3315,False,10.8661,11.3315,reg,114886820
F,2018-01-26,11.0656,11.113,False,10.9231,11.0086,reg,52496001
F,2018-01-29,10.8207,11.1612,False,10.8109,11.1126,reg,55113971
F,2018-01-30,10.7623,10.9277,False,10.7526,10.7915,reg,52068187
F,2018-01-31,10.6747,10.8158,False,10.6066,10.7915,reg,57644576
F,2018-02-01,10.626,10.7039,False,10.5579,10.6552,reg,41352192
F,2018-02-02,10.4217,10.5871,False,10.3341,10.5871,reg,72312922
F,2018-02-05,9.9644,10.5093,False,9.9644,10.4898,reg,96756955
F,2018-02-06,10.4704,10.4995,False,9.9157,9.9935,reg,139938127
F,2018-02-07,10.4704,10.7428,False,10.412,10.4606,reg,68041787
F,2018-02-08,10.1492,10.5677,False,10.1395,10.4995,reg,73990734
F,2018-02-09,10.2465,10.3536,False,9.9644,10.2855,reg,72103620
F,2018-02-12,10.412,10.5287,False,10.2598,10.3828,reg,49068946
F,2018-02-13,10.3049,10.4022,False,10.2465,10.3439,reg,36884488
F,2018-02-14,10.4509,10.4606,False,10.2174,10.266,reg,27844338
F,2018-02-15,10.4704,10.5093,False,10.3536,10.5093,reg,28208311
F,2018-02-16,10.3244,10.5287,False,10.2368,10.412,reg,41041761
F,2018-02-20,10.3439,10.3828,False,10.266,10.2952,reg,27617865
F,2018-02-21,10.3147,10.4606,False,10.3049,10.3633,reg,36037720
F,2018-02-22,10.3439,10.4412,False,10.2757,10.3147,reg,25409561
F,2018-02-23,10.412,10.4217,False,10.3341,10.3828,reg,21786781
F,2018-02-26,10.5969,10.6552,False,10.412,10.4509,reg,27157756
F,2018-02-27,10.3244,10.6942,False,10.3147,10.6358,reg,43502012
F,2018-02-28,10.3244,10.4995,False,10.2855,10.3925,reg,41321429
F,2018-03-01,10.013,10.4022,False,9.9254,10.3633,reg,75841414
F,2018-03-02,10.12,10.1395,False,9.867,9.9644,reg,60491864
F,2018-03-05,10.2952,10.3439,False,10.0227,10.0325,reg,44021329
F,2018-03-06,10.3439,10.3925,False,10.1882,10.3633,reg,30978946
F,2018-03-07,10.3439,10.3536,False,10.1492,10.2271,reg,30046598
F,2018-03-08,10.3244,10.3925,False,10.1979,10.3633,reg,26947958
F,2018-03-09,10.4412,10.4412,False,10.2855,10.3439,reg,26684375
F,2018-03-12,10.519,10.5579,False,10.3925,10.4022,reg,33800918
F,2018-03-13,10.4898,10.6844,False,10.4412,10.5482,reg,44456812
F,2018-03-14,10.7234,11.1321,False,10.7136,10.9472,reg,91985319
F,2018-03-15,10.772,10.9472,False,10.6552,10.7526,reg,47645277
F,2018-03-16,10.8499,10.918,False,10.7623,10.8207,reg,80684224
F,2018-03-19,10.7136,10.8693,False,10.5774,10.8499,reg,63122538
F,2018-03-20,10.6942,10.8304,False,10.6747,10.7526,reg,45612813
F,2018-03-21,10.8012,10.8839,False,10.6358,10.7039,reg,38550957
F,2018-03-22,10.4606,10.7623,False,10.4412,10.7039,reg,51280905
F,2018-03-23,10.2757,10.5579,False,10.2271,10.4995,reg,39950867
F,2018-03-26,10.5385,10.5774,False,10.3925,10.4509,reg,52325512
F,2018-03-27,10.5385,10.626,False,10.4314,10.5579,reg,40677320
F,2018-03-28,10.5677,10.6552,False,10.4412,10.5385,reg,42263662
F,2018-03-29,10.7817,10.8304,False,10.6212,10.6358,reg,39863962
F,2018-04-02,10.5677,10.7915,False,10.412,10.7623,reg,43598094
F,2018-04-03,10.8499,10.8791,False,10.6066,10.7136,reg,42523917
F,2018-04-04,11.025,11.0542,False,10.5093,10.5774,reg,44834639
F,2018-04-05,11.0445,11.0737,False,10.9277,11.0347,reg,28755606
F,2018-04-06,10.8791,11.0445,False,10.772,10.9764,reg,31920686
F,2018-04-09,10.9472,11.0737,False,10.8985,10.9472,reg,36462658
F,2018-04-10,11.1418,11.2391,False,11.1029,11.1321,reg,44005015
F,2018-04-11,11.1223,11.1807,False,10.9958,11.0737,reg,32979038
F,2018-04-12,11.0056,11.2294,False,10.9472,11.1904,reg,47133732
F,2018-04-13,10.9764,11.0834,False,10.9277,11.0445,reg,34598783
F,2018-04-16,11.0737,11.1418,False,10.9666,11.0542,reg,32803268
F,2018-04-17,11.0737,11.1418,False,10.9958,11.1223,reg,30906803
F,2018-04-18,11.025,11.171,False,10.9958,11.0737,reg,46226082
F,2018-04-19,10.8081,11.0935,False,10.6996,11.025,reg,49154173
F,2018-04-20,10.67,10.8771,False,10.6306,10.8574,reg,44930027
F,2018-04-23,10.887,10.887,False,10.6799,10.6897,reg,31936522
F,2018-04-24,10.8081,11.0152,False,10.7785,10.8968,reg,39624986
F,2018-04-25,10.956,11.0053,False,10.7193,10.8081,reg,39985788
F,2018-04-26,11.2715,11.3702,False,11.1335,11.2617,reg,80676755
F,2018-04-27,11.3307,11.3997,False,11.2222,11.242,reg,33375943
F,2018-04-30,11.0842,11.5625,False,11.0645,11.3702,reg,66090895
F,2018-05-01,11.1039,11.1927,False,10.9461,11.094,reg,61430446
F,2018-05-02,11.0546,11.1088,False,10.9658,11.1039,reg,41899467
F,2018-05-03,11.0447,11.0546,False,10.8179,11.0152,reg,38907404
F,2018-05-04,11.2025,11.2518,False,10.9363,11.0053,reg,32043468
F,2018-05-07,11.1828,11.2814,False,11.1532,11.2025,reg,27510279
F,2018-05-08,11.1138,11.2124,False,11.0792,11.1631,reg,25754109
F,2018-05-09,10.9067,11.1236,False,10.8672,11.0546,reg,43731958
F,2018-05-10,11.0546,11.094,False,10.8672,10.887,reg,32023835
F,2018-05-11,11.0349,11.0891,False,11.0053,11.0645,reg,19837675
F,2018-05-14,11.025,11.1335,False,11.0152,11.0743,reg,27903121
F,2018-05-15,11.0645,11.094,False,10.9067,10.9461,reg,26950114
F,2018-05-16,11.242,11.242,False,11.0447,11.0546,reg,28976692
F,2018-05-17,11.3011,11.3209,False,11.2222,11.242,reg,20741087
F,2018-05-18,11.1729,11.311,False,11.1433,11.2814,reg,23893731
F,2018-05-21,11.3504,11.3899,False,11.2321,11.2617,reg,31011916
F,2018-05-22,11.3603,11.4737,False,11.3504,11.4195,reg,22360885
F,2018-05-23,11.2814,11.3899,False,11.1729,11.3406,reg,23595004
F,2018-05-24,11.4589,11.4885,False,11.2814,11.2913,reg,34876334
F,2018-05-25,11.3504,11.4441,False,11.311,11.3997,reg,19337470
F,2018-05-29,11.2814,11.4589,False,11.2025,11.4392,reg,31324274
F,2018-05-30,11.3899,11.4491,False,11.311,11.3702,reg,25554593
F,2018-05-31,11.3899,11.5723,False,11.2025,11.4885,reg,61563249
F,2018-06-01,11.5477,11.6068,False,11.4491,11.5082,reg,35406189
F,2018-06-04,11.5772,11.6216,False,11.5279,11.5772,reg,25141346
F,2018-06-05,11.666,11.703,False,11.5181,11.5772,reg,31036704
F,2018-06-06,11.8041,11.8336,False,11.6561,11.7054,reg,31110458
F,2018-06-07,11.8632,11.9816,False,11.7942,11.8041,reg,47314073
F,2018-06-08,11.9323,11.952,False,11.8336,11.8731,reg,28371881
F,2018-06-11,11.8632,11.9816,False,11.8534,11.9323,reg,30398078
F,2018-06-12,11.9421,11.9816,False,11.8632,11.9027,reg,51395448
F,2018-06-13,11.8534,11.9323,False,11.7942,11.9323,reg,28406733
F,2018-06-14,11.7252,11.8435,False,11.6759,11.8336,reg,34523019
F,2018-06-15,11.7153,11.8632,False,11.6364,11.6759,reg,56326835
F,2018-06-18,11.8238,11.8731,False,11.6463,11.6561,reg,32706527
F,2018-06-19,11.7252,11.7252,False,11.5082,11.6561,reg,40064785
F,2018-06-20,11.7054,11.883,False,11.666,11.8041,reg,31964792
F,2018-06-21,11.5477,11.6659,False,11.4786,11.6364,reg,33316702
F,2018-06-22,11.4885,11.7054,False,11.4589,11.5871,reg,38207303
F,2018-06-25,11.3406,11.5082,False,11.2222,11.4688,reg,36101893
F,2018-06-26,11.3603,11.4688,False,11.3307,11.3997,reg,36627672
F,2018-06-27,11.2617,11.4786,False,11.242,11.38,reg,27240781
F,2018-06-28,11.1236,11.242,False,10.9954,11.2124,reg,43836444
F,2018-06-29,10.9165,11.2124,False,10.8771,11.1631,reg,44718473
F,2018-07-02,10.9461,10.9511,False,10.7588,10.8672,reg,37892751
F,2018-07-03,10.8376,10.9954,False,10.7883,10.9461,reg,16544777
F,2018-07-05,10.8968,10.9856,False,10.8672,10.9461,reg,32008544
F,2018-07-06,10.9067,10.9461,False,10.7686,10.887,reg,25671874
F,2018-07-09,11.0447,11.1039,False,10.8771,10.9461,reg,23916802
F,2018-07-10,11.094,11.1039,False,11.0152,11.0447,reg,21231537
F,2018-07-11,10.9165,11.0152,False,10.8968,10.9954,reg,30030119
F,2018-07-12,10.8968,10.9856,False,10.8475,10.9461,reg,27025237
F,2018-07-13,10.8278,10.8968,False,10.7588,10.8672,reg,36567189
F,2018-07-16,10.6996,10.8179,False,10.6108,10.7982,reg,46156833
F,2018-07-17,10.7094,10.7489,False,10.6503,10.6503,reg,37584265
F,2018-07-18,10.7193,10.744,False,10.6601,10.6996,reg,36420018
F,2018-07-19,10.67,10.7489,False,10.6207,10.739,reg,40308773
F,2018-07-20,10.56,10.72,False,10.51,10.68,reg,41673254
F,2018-07-23,10.47,10.57,False,10.42,10.56,reg,34941983
F,2018-07-24,10.57,10.74,False,10.5,10.51,reg,47302950
F,2018-07-25,10.52,10.57,False,10.12,10.32,reg,92610535
F,2018-07-26,9.89,10.16,False,9.84,10.14,reg,103893039
F,2018-07-27,9.93,10.05,False,9.91,9.96,reg,46178701
F,2018-07-30,10.07,10.1,False,9.93,9.96,reg,35877009
F,2018-07-31,10.04,10.11,False,10,10.11,reg,38026871
F,2018-08-01,9.9,10.0785,False,9.82,10.06,reg,44126692
F,2018-08-02,9.92,9.98,False,9.84,9.9,reg,40318865
F,2018-08-03,10.04,10.06,False,9.93,9.93,reg,25925122
F,2018-08-06,10.03,10.05,False,9.97,10,reg,22247882
F,2018-08-07,10.08,10.1,False,10.02,10.04,reg,27961231
F,2018-08-08,10.05,10.1,False,10.04,10.05,reg,22601602
F,2018-08-09,9.91,10.07,False,9.9,10.06,reg,35682617
F,2018-08-10,9.74,9.91,False,9.72,9.91,reg,39180474
F,2018-08-13,9.46,9.75,False,9.42,9.74,reg,66586182
F,2018-08-14,9.5,9.615,False,9.45,9.51,reg,37657351
F,2018-08-15,9.45,9.5,False,9.35,9.46,reg,36298597
F,2018-08-16,9.51,9.6,False,9.49,9.5,reg,28857667
F,2018-08-17,9.55,9.6,False,9.46,9.53,reg,32742936
F,2018-08-20,9.72,9.74,False,9.56,9.56,reg,25252486
F,2018-08-21,9.86,9.9,False,9.69,9.77,reg,46413897
F,2018-08-22,9.69,9.82,False,9.68,9.79,reg,30803675
F,2018-08-23,9.63,9.69,False,9.58,9.67,reg,31511844
F,2018-08-24,9.68,9.7,False,9.61,9.65,reg,18380040
F,2018-08-27,9.99,10.04,False,9.73,9.75,reg,49769258
F,2018-08-28,10.01,10.09,False,9.95,10.08,reg,33845494
F,2018-08-29,9.97,10.02,False,9.9,10.01,reg,37336431
F,2018-08-30,9.7,9.915,False,9.67,9.87,reg,48539347
F,2018-08-31,9.48,9.68,False,9.4,9.64,reg,76424884
F,2018-09-04,9.47,9.58,False,9.36,9.53,reg,54111109
F,2018-09-05,9.49,9.55,False,9.32,9.47,reg,44561879
F,2018-09-06,9.43,9.55,False,9.4,9.48,reg,29519107
F,2018-09-07,9.27,9.49,False,9.25,9.41,reg,51229915
F,2018-09-10,9.38,9.49,False,9.3,9.31,reg,30419066
F,2018-09-11,9.31,9.36,False,9.22,9.35,reg,27158381
F,2018-09-12,9.34,9.42,False,9.28,9.31,reg,25450013
F,2018-09-13,9.37,9.41,False,9.31,9.38,reg,29315671
F,2018-09-14,9.45,9.48,False,9.36,9.38,reg,30013336
F,2018-09-17,9.55,9.595,False,9.43,9.435,reg,29544428
F,2018-09-18,9.58,9.61,False,9.48,9.54,reg,57055398
F,2018-09-19,9.78,9.83,False,9.61,9.61,reg,40111485
F,2018-09-20,9.81,9.93,False,9.71,9.83,reg,46314358
F,2018-09-21,9.85,9.94,False,9.78,9.84,reg,74488637
F,2018-09-24,9.59,9.85,False,9.52,9.78,reg,43170827
F,2018-09-25,9.39,9.56,False,9.37,9.53,reg,44406116
F,2018-09-26,9.27,9.41,False,9.27,9.38,reg,58597487
F,2018-09-27,9.23,9.33,False,9.2,9.3,reg,57272192
F,2018-09-28,9.25,9.28,False,9.09,9.22,reg,30987233
F,2018-10-01,9.32,9.44,False,9.3,9.43,reg,44864717
F,2018-10-02,9.2,9.34,False,9.18,9.27,reg,41806359
F,2018-10-03,9.13,9.31,False,9.13,9.27,reg,47023058
F,2018-10-04,9.15,9.22,False,9.09,9.13,reg,38889619
F,2018-10-05,9.12,9.22,False,9.1,9.15,reg,36952234
